question,answer
Write a recipe for baking chocolate chip cookies,"{
  ""plan"": {
    ""overview"": ""A classic recipe for baking delicious and chewy chocolate chip cookies"",
    ""rationale"": ""This recipe uses a combination of white and brown sugar to create a rich and caramel-like flavor, while the addition of vanilla extract enhances the overall taste and aroma. The use of semi-sweet chocolate chips provides a nice contrast in texture and flavor to the cookie dough.""
  },
  ""steps"": [
    {
      ""title"": ""Preheat the oven and prepare the ingredients"",
      ""detail"": ""Preheat the oven to 375°F (190°C). Line a baking sheet with parchment paper or a silicone mat. In a medium-sized bowl, whisk together 2 1/4 cups of all-purpose flour, 1 tsp of baking soda, and 1 tsp of salt. Set aside.""
    },
    {
      ""title"": ""Cream the butter and sugars"",
      ""detail"": ""In a large bowl, use an electric mixer to cream together 1 cup of unsalted butter, softened, and 3/4 cup of white granulated sugar until light and fluffy. Add 1/2 cup of brown sugar and continue to mix until well combined.""
    },
    {
      ""title"": ""Add the eggs and vanilla extract"",
      ""detail"": ""Beat in 2 large eggs and 1 tsp of pure vanilla extract until well combined.""
    },
    {
      ""title"": ""Combine the dry ingredients and mix"",
      ""detail"": ""Gradually add the flour mixture to the wet ingredients and mix until just combined, being careful not to overmix.""
    },
    {
      ""title"": ""Add the chocolate chips and mix"",
      ""detail"": ""Stir in 2 cups of semi-sweet chocolate chips to distribute them evenly throughout the dough.""
    }
  ],
  ""summary"": ""Scoop tablespoon-sized balls of dough onto the prepared baking sheet, leaving about 2 inches of space between each cookie. Bake for 10-12 minutes or until the edges are lightly golden brown. Remove from the oven and let cool on the baking sheet for 5 minutes before transferring to a wire rack to cool completely.""
}"
Describe how to brew a cup of pour-over coffee,"{
  ""plan"": {
    ""overview"": ""Brewing a cup of pour-over coffee requires some basic equipment and a few simple steps. This plan will guide you through the process of brewing a perfect cup of pour-over coffee."",
    ""rationale"": ""Pour-over coffee is a popular brewing method that allows for a high degree of control over the brewing process, resulting in a rich and flavorful cup of coffee.""
  },
  ""steps"": [
    {
      ""title"": ""Step 1: Prepare the Equipment"",
      ""detail"": ""Start by preparing your pour-over dripper and filter. Rinse the filter with hot water to remove any paper taste and preheat the dripper by pouring a small amount of hot water through it.""
    },
    {
      ""title"": ""Step 2: Measure and Grind the Coffee"",
      ""detail"": ""Measure out the right amount of coffee for your pour-over dripper. A general rule of thumb is to use 1:15 to 1:17 coffee-to-water ratio. Grind the coffee beans to a medium-coarse grind, as this will allow for the best extraction.""
    },
    {
      ""title"": ""Step 3: Pour the Coffee"",
      ""detail"": ""Pour the ground coffee into the filter and make sure it's evenly distributed. Then, slowly pour the hot water over the coffee in a circular motion, starting from the center and moving outwards. Make sure to pour in a steady stream and avoid pouring too quickly, as this can cause the coffee to become over-extracted.""
    },
    {
      ""title"": ""Step 4: Allow the Coffee to Bloom"",
      ""detail"": ""Allow the coffee to bloom for about 45 seconds to 1 minute, which will allow the coffee to release its CO2 and start the extraction process. You may start to see the coffee start to drip through the filter during this time.""
    },
    {
      ""title"": ""Step 5: Finish the Brew"",
      ""detail"": ""Once the coffee has bloomed, continue pouring the hot water in a circular motion until the filter is almost full. The coffee should start to drip through the filter and into the cup. Once the dripping slows down, remove the filter from the dripper and discard the grounds.""
    }
  ],
  ""summary"": ""By following these steps, you should be able to brew a perfect cup of pour-over coffee. Remember to use the right amount of coffee and water, and to pour the water in a steady stream to avoid over-extraction. With a little practice, you'll be brewing like a pro in no time!""
}"
Explain how to make homemade pizza dough,"{
  ""plan"": {
    ""overview"": ""Making homemade pizza dough is a simple and rewarding process that requires only a few ingredients and some basic kitchen equipment. With this plan, you'll learn how to create a delicious and authentic Italian-style pizza dough from scratch."",
    ""rationale"": ""Making homemade pizza dough allows you to control the ingredients, texture, and flavor of your pizza crust, giving you a more authentic and personalized pizza experience. Plus, it's a fun and creative process that can be enjoyed with family and friends.""
  },
  ""steps"": [
    {
      ""title"": ""Step 1: Gather Ingredients and Equipment"",
      ""detail"": ""To make homemade pizza dough, you'll need the following ingredients: 2 cups of warm water, 2 teaspoons of active dry yeast, 3 tablespoons of olive oil, 1 teaspoon of salt, and 4 cups of all-purpose flour. You'll also need a large mixing bowl, a wooden spoon or stand mixer, and a lightly floured surface for kneading.""
    },
    {
      ""title"": ""Step 2: Activate the Yeast"",
      ""detail"": ""In the large mixing bowl, combine the warm water and yeast. Let the mixture sit for 5-10 minutes, or until the yeast becomes frothy and bubbly. This step is called 'proofing' the yeast and it ensures that your yeast is active and will help your dough rise.""
    },
    {
      ""title"": ""Step 3: Mix the Dough"",
      ""detail"": ""Add the olive oil, salt, and 2 cups of flour to the bowl with the yeast mixture. Mix the ingredients together until a shaggy dough forms. Gradually add the remaining 2 cups of flour, one cup at a time, until the dough becomes smooth and elastic. You can use a stand mixer with a dough hook attachment or a wooden spoon to mix the dough.""
    },
    {
      ""title"": ""Step 4: Knead the Dough"",
      ""detail"": ""Turn the dough out onto a lightly floured surface and knead for 5-10 minutes, or until the dough becomes smooth and elastic. You can also use a stand mixer with a dough hook attachment to knead the dough. Kneading helps to develop the gluten in the dough, which gives pizza crust its chewy texture.""
    },
    {
      ""title"": ""Step 5: Let the Dough Rise"",
      ""detail"": ""Place the dough in a lightly oiled bowl, cover it with plastic wrap or a damp towel, and let it rise in a warm, draft-free place for 1-2 hours, or until it has doubled in size. This step is called 'proofing' the dough and it allows the yeast to ferment and the dough to rise.""
    }
  ],
  ""summary"": ""With these simple steps, you can create a delicious and authentic Italian-style pizza dough from scratch. Remember to be patient and don't overmix the dough, as this can lead to a tough and dense crust. Happy pizza making!""
}"
Provide a method for cooking a perfect soft-boiled egg,"{
  ""plan"": {
    ""overview"": ""Cooking a perfect soft-boiled egg requires attention to detail and a gentle approach. This method ensures a runny yolk and a set white."",
    ""rationale"": ""Soft-boiled eggs are a delicate balance of texture and temperature. By controlling the cooking time and water temperature, we can achieve the perfect soft-boiled egg.""
  },
  ""steps"": [
    {
      ""title"": ""Bring Water to a Simmer"",
      ""detail"": ""Fill a saucepan with water and bring it to a simmer over medium heat. Aim for a temperature of 194°F to 198°F (90°C to 92°C).""
    },
    {
      ""title"": ""Add Egg to Water"",
      ""detail"": ""Gently place the egg into the simmering water. Make sure the egg is fully submerged in the water.""
    },
    {
      ""title"": ""Cook for 6-7 Minutes"",
      ""detail"": ""Cook the egg for 6-7 minutes for a large egg or 5-6 minutes for a small or medium egg. You can also cook it for 3-4 minutes for a slightly firmer yolk, if desired.""
    },
    {
      ""title"": ""Shock the Egg in Ice Water"",
      ""detail"": ""Immediately transfer the egg to a bowl of ice water to stop the cooking process. This helps the egg retain its texture and prevents overcooking.""
    },
    {
      ""title"": ""Peel and Serve"",
      ""detail"": ""Once the egg has cooled, crack it gently and peel off the shell. Your perfect soft-boiled egg is now ready to eat or use in your favorite recipe.""
    }
  ],
  ""summary"": ""By following these steps, you'll be able to achieve a perfectly cooked soft-boiled egg with a runny yolk and a set white. Remember to monitor the temperature and cooking time carefully to ensure the best results.""
}"
Describe how to prepare sushi rice at home,"{
  ""plan"": {
    ""overview"": ""Preparing sushi rice at home requires some basic knowledge and attention to detail, but with the right steps, you can achieve professional-quality results. This plan outlines the necessary steps to prepare sushi rice at home."",
    ""rationale"": ""Sushi rice is a crucial component of sushi, and its preparation is a delicate process that requires the right balance of ingredients, temperature, and timing. By following this plan, you can ensure that your sushi rice is cooked to perfection and ready for your favorite sushi rolls or other dishes.""
  },
  ""steps"": [
    {
      ""title"": ""Step 1: Rinse the Rice"",
      ""detail"": ""Rinse the Japanese short-grain rice thoroughly under cold running water for about 30 seconds to remove any impurities and excess starch. This step is crucial in achieving the right texture and preventing the rice from becoming sticky.""
    },
    {
      ""title"": ""Step 2: Soak the Rice"",
      ""detail"": ""Soak the rinsed rice in water for 30 minutes to rehydrate the rice and help it cook evenly. Use a ratio of 1 cup of rice to 1 1/2 cups of water. After soaking, drain the water and set the rice aside.""
    },
    {
      ""title"": ""Step 3: Cook the Rice"",
      ""detail"": ""Combine the soaked rice and water in a medium saucepan and bring to a boil over high heat. Once boiling, reduce the heat to low and cover the saucepan with a tight-fitting lid. Simmer for 15-20 minutes or until the water has been absorbed and the rice is cooked.""
    },
    {
      ""title"": ""Step 4: Cool the Rice"",
      ""detail"": ""Once the rice is cooked, remove it from the heat and let it cool to room temperature. This step is crucial in preventing the rice from becoming mushy or sticky. You can speed up the cooling process by spreading the rice out in a thin layer on a plate or tray.""
    },
    {
      ""title"": ""Step 5: Season the Rice"",
      ""detail"": ""Once the rice has cooled, mix in 1/4 cup of rice vinegar, 1 tablespoon of sugar, and 1 teaspoon of salt. The acidity of the vinegar will help to balance the flavor of the rice and prevent it from becoming too sticky. Mix the ingredients well and adjust the seasoning to taste.""
    }
  ],
  ""summary"": ""By following these steps, you can prepare sushi rice at home that is perfect for your favorite sushi rolls, sushi bowls, or other dishes. Remember to rinse the rice thoroughly, soak it for 30 minutes, cook it with the right ratio of water, cool it to room temperature, and season it with the right balance of ingredients. With practice and patience, you can achieve professional-quality sushi rice at home.""
}"
Suggest a three-day itinerary for visiting Kyoto Japan,"{
  ""plan"": {
    ""overview"": ""This three-day itinerary for Kyoto, Japan provides a comprehensive and immersive experience of the city's rich cultural heritage, stunning natural beauty, and vibrant atmosphere. From ancient temples and shrines to traditional tea ceremonies and delicious local cuisine, this plan is designed to help you make the most of your time in Kyoto."",
    ""rationale"": ""Kyoto is a city like no other, with a unique blend of traditional and modern elements. This itinerary is carefully crafted to showcase the city's most iconic landmarks, hidden gems, and local experiences, ensuring that you leave with unforgettable memories and a deeper understanding of Japanese culture.""
  },
  ""steps"": [
    {
      ""title"": ""Day 1: Explore Kyoto's Iconic Landmarks"",
      ""detail"": ""Start your day at the famous Kinkaku-ji Temple (Golden Pavilion), a stunning example of Japanese architecture. Next, visit the nearby Ryoan-ji Temple, famous for its Zen rock garden. In the afternoon, stroll through the beautiful Arashiyama Bamboo Grove and explore the nearby Tenryu-ji Temple. End your day with a traditional Kyoto-style dinner and a relaxing walk around the Gion district, famous for its geisha culture.""
    },
    {
      ""title"": ""Day 2: Discover Kyoto's Hidden Gems"",
      ""detail"": ""Begin the day by visiting the Fushimi Inari Shrine, famous for its thousands of vermilion torii gates. Next, explore the Nijo Castle, a UNESCO World Heritage Site and former residence of the Tokugawa shoguns. In the afternoon, visit the Kiyomizu-dera Temple, a UNESCO World Heritage Site and one of Kyoto's most iconic landmarks. End your day with a visit to the Ginkaku-ji Temple (Silver Pavilion), a serene oasis in the heart of the city.""
    },
    {
      ""title"": ""Day 3: Experience Kyoto's Local Culture"",
      ""detail"": ""Start your day by visiting the Nishiki Market, a narrow shopping street lined with over 100 food stalls and shops. Next, attend a traditional Japanese tea ceremony at the Urasenke Foundation. In the afternoon, visit the Kyoto Handicraft Center, where you can learn about traditional Japanese crafts and even try your hand at making your own. End your day with a visit to the Gion Corner, where you can watch traditional Japanese performances, including traditional dance, music, and puppet shows.""
    },
    {
      ""title"": ""Day 3 (Afternoon): Explore Kyoto's Natural Beauty"",
      ""detail"": ""Spend the afternoon exploring the Philosopher's Path, a scenic walking path lined with cherry blossom trees and temples. Next, visit the Kyoto Botanical Garden, a peaceful oasis in the heart of the city. End your day with a visit to the Katsura Imperial Villa, a stunning example of Japanese architecture and design.""
    },
    {
      ""title"": ""Day 3 (Evening): Enjoy Kyoto's Nightlife"",
      ""detail"": ""End your day with a visit to the Pontocho Alley, a narrow shopping street lined with traditional Japanese restaurants and bars. Enjoy a traditional Kyoto-style dinner and a relaxing evening stroll around the city.""
    }
  ],
  ""summary"": ""This three-day itinerary for Kyoto, Japan provides a comprehensive and immersive experience of the city's rich cultural heritage, stunning natural beauty, and vibrant atmosphere. From ancient temples and shrines to traditional tea ceremonies and delicious local cuisine, this plan is designed to help you make the most of your time in Kyoto.""
}"
Describe the main tourist attractions of Barcelona Spain,"{
  ""plan"": {
    ""overview"": ""Barcelona, the capital of Catalonia, is a vibrant and culturally rich city that offers a wide range of tourist attractions. From iconic landmarks to world-class museums, and from beaches to parks, there's something for everyone in this beautiful city."",
    ""rationale"": ""Barcelona is a must-visit destination for anyone interested in architecture, art, history, and culture. The city is home to the works of Antoni Gaudí, including the iconic Sagrada Família, as well as the works of Pablo Picasso and Salvador Dalí.""
  },
  ""steps"": [
    {
      ""title"": ""Visit the Sagrada Família"",
      ""detail"": ""The Sagrada Família is a UNESCO World Heritage Site and one of the most iconic landmarks in Barcelona. Designed by Antoni Gaudí, this stunning cathedral is a must-see for anyone visiting the city. Take a guided tour to learn more about its history and architecture.""
    },
    {
      ""title"": ""Explore Park Güell"",
      ""detail"": ""Park Güell is a public park designed by Antoni Gaudí and offers stunning views of the city. The park is home to several iconic landmarks, including the famous mosaic benches and the stunning views of the city from the top of the hill.""
    },
    {
      ""title"": ""Visit the Picasso Museum"",
      ""detail"": ""The Picasso Museum is one of the largest and most comprehensive collections of Picasso's work in the world. The museum features over 4,000 works by the artist, including paintings, drawings, and sculptures.""
    },
    {
      ""title"": ""Walk along La Rambla"",
      ""detail"": ""La Rambla is a famous pedestrian street in the heart of Barcelona that is lined with street performers, cafes, and shops. It's a great place to people-watch and take in the sights and sounds of the city.""
    },
    {
      ""title"": ""Relax on Barceloneta Beach"",
      ""detail"": ""Barceloneta Beach is one of the most popular beaches in Barcelona and offers a range of amenities, including restaurants, bars, and water sports. It's a great place to relax and soak up the sun.""
    }
  ],
  ""summary"": ""Barcelona is a city that has something for everyone. From its iconic landmarks and world-class museums to its beautiful beaches and parks, there's no shortage of things to see and do. With this plan, you'll get a taste of the best that Barcelona has to offer and leave with unforgettable memories of your trip.""
}"
Explain how to plan a backpacking trip across Europe,"{
  ""plan"": {
    ""overview"": ""Planning a backpacking trip across Europe requires careful consideration of several factors, including your budget, travel style, and the countries you want to visit. With some preparation and research, you can have a safe and enjoyable trip."",
    ""rationale"": ""Backpacking across Europe can be a cost-effective and exciting way to see multiple countries and cultures. By planning ahead, you can make the most of your time and budget, and avoid common pitfalls and mistakes.""
  },
  ""steps"": [
    {
      ""title"": ""Research and Budgeting"",
      ""detail"": ""Start by researching the countries you want to visit and creating a rough itinerary. Consider your budget and plan accordingly. Look for affordable accommodations, transportation, and food options. Make a list of estimated costs and prioritize your spending.""
    },
    {
      ""title"": ""Packing and Equipment"",
      ""detail"": ""Pack lightly and wisely. Bring essential items such as a backpack, sleeping bag, and clothing. Consider purchasing a portable stove and cooking gear if you plan to prepare your own meals. Don't forget to pack a first-aid kit, travel documents, and any necessary medications.""
    },
    {
      ""title"": ""Transportation and Accommodation"",
      ""detail"": ""Research transportation options between destinations, such as trains, buses, and budget airlines. Book accommodations in advance, especially during peak travel seasons. Consider staying in hostels or budget hotels, and look for affordable options like couchsurfing or camping.""
    },
    {
      ""title"": ""Itinerary and Scheduling"",
      ""detail"": ""Create a detailed itinerary with specific dates and destinations. Leave some flexibility in your schedule for unexpected events or changes. Consider booking accommodations and transportation in advance to ensure availability.""
    },
    {
      ""title"": ""Safety and Precautions"",
      ""detail"": ""Research safety concerns and precautions for each country on your itinerary. Make sure you have all necessary vaccinations and medications. Be mindful of your belongings and keep valuables secure. Stay informed about local conditions and events, and stay in touch with friends and family back home.""
    }
  ],
  ""summary"": ""By following these steps, you can plan a successful and enjoyable backpacking trip across Europe. Remember to stay flexible, be prepared, and take advantage of affordable options to make the most of your trip.""
}"
Describe the geography of the Scottish Highlands,"{
  ""plan"": {
    ""overview"": ""This plan provides an overview of the geography of the Scottish Highlands, highlighting its unique features and characteristics."",
    ""rationale"": ""Understanding the geography of the Scottish Highlands is essential to appreciating its natural beauty, cultural heritage, and economic significance.""
  },
  ""steps"": [
    {
      ""title"": ""Mountainous Terrain"",
      ""detail"": ""The Scottish Highlands are characterized by a rugged and mountainous terrain, with many peaks exceeding 3,000 feet. The Cairngorms National Park is a notable example, featuring some of the highest and most remote mountains in the British Isles.""
    },
    {
      ""title"": ""Glaciated Valleys"",
      ""detail"": ""The Highlands are also home to numerous glacial valleys, carved out by ancient ice sheets during the last ice age. These valleys, such as Glen Coe and Glencoe, are often steep-sided and narrow, with towering cliffs and picturesque villages.""
    },
    {
      ""title"": ""Lochs and Rivers"",
      ""detail"": ""The Highlands are famous for their numerous lochs (lakes) and rivers, which are often crystal-clear and surrounded by stunning scenery. Loch Ness, Loch Lomond, and the River Tay are just a few examples of the many waterways that crisscross the region.""
    },
    {
      ""title"": ""Peatlands and Bogs"",
      ""detail"": ""The Highlands are also home to vast areas of peatlands and bogs, which are characterized by acidic, oxygen-poor conditions that support unique and fragile ecosystems. These areas are often difficult to access and are home to rare and endangered species.""
    },
    {
      ""title"": ""Coastal Regions"",
      ""detail"": ""The Scottish Highlands meet the Atlantic Ocean along a rugged and dramatic coastline, featuring iconic landmarks such as the Old Man of Storr and the Cuillin Hills on the Isle of Skye. The coastal regions are known for their dramatic cliffs, hidden coves, and picturesque fishing villages.""
    }
  ],
  ""summary"": ""The geography of the Scottish Highlands is characterized by its rugged and mountainous terrain, glacial valleys, lochs and rivers, peatlands and bogs, and dramatic coastal regions. These unique features have shaped the region's natural beauty, cultural heritage, and economic significance, making it a popular destination for tourists and a vital part of Scotland's identity.""
}"
Suggest activities for a weekend trip to San Francisco,"{
  ""plan"": {
    ""overview"": ""A weekend trip to San Francisco offers a mix of iconic landmarks, cultural attractions, and outdoor activities to suit all interests. This plan provides a suggested itinerary for a memorable and enjoyable trip."",
    ""rationale"": ""San Francisco is a vibrant city with a rich history, diverse neighborhoods, and stunning natural beauty. This plan takes into account the city's main attractions, public transportation options, and visitor preferences to create a well-rounded and engaging experience.""
  },
  ""steps"": [
    {
      ""title"": ""Day 1: Explore Fisherman's Wharf and Pier 39"",
      ""detail"": ""Start your weekend trip by visiting Fisherman's Wharf, a bustling waterfront district with street performers, seafood restaurants, and souvenir shops. Take a stroll along the pier and enjoy the views of the Bay Bridge and Alcatraz Island. Don't miss the sea lions at Pier 39, a popular attraction for both locals and tourists.""
    },
    {
      ""title"": ""Day 1: Take a Sunset Cruise of the Bay"",
      ""detail"": ""In the evening, take a romantic sunset cruise of the San Francisco Bay. This 1-hour cruise offers breathtaking views of the city skyline, the Golden Gate Bridge, and the Bay Bridge. You'll also learn about the city's history and landmarks from a knowledgeable guide.""
    },
    {
      ""title"": ""Day 2: Explore Golden Gate Park and the Japanese Tea Garden"",
      ""detail"": ""Spend the morning exploring Golden Gate Park, a sprawling urban oasis with several attractions, including the Japanese Tea Garden, the de Young Museum, and the California Academy of Sciences. The Japanese Tea Garden is a serene oasis with beautifully manicured gardens, koi ponds, and a teahouse serving traditional Japanese tea and snacks.""
    },
    {
      ""title"": ""Day 2: Visit the Golden Gate Bridge and the Presidio"",
      ""detail"": ""In the afternoon, visit the iconic Golden Gate Bridge, an engineering marvel and a symbol of San Francisco. Take a walk or bike ride across the bridge for spectacular views of the city and the Bay. Afterward, explore the Presidio, a former military base turned national park with hiking trails, scenic overlooks, and historic sites.""
    },
    {
      ""title"": ""Day 2: Enjoy Dinner and Live Music in the Mission District"",
      ""detail"": ""End your weekend trip with dinner and live music in the vibrant Mission District. This eclectic neighborhood is known for its street art, Latin American cuisine, and lively music scene. Choose from a variety of restaurants, bars, and music venues to suit your taste and preferences.""
  }],
  ""summary"": ""This weekend trip to San Francisco offers a mix of iconic landmarks, cultural attractions, and outdoor activities to suit all interests. With a focus on public transportation and visitor preferences, this plan provides a well-rounded and engaging experience for a memorable and enjoyable trip.""
}"
Describe a beginner friendly yoga routine for morning practice,"{
  ""plan"": {
    ""overview"": ""This beginner-friendly yoga routine is designed to help you start your day feeling refreshed, focused, and energized. It's a gentle and accessible sequence that can be practiced by anyone, regardless of age or fitness level."",
    ""rationale"": ""Morning yoga practice has been shown to improve mental clarity, boost mood, and increase energy levels. This routine is specifically designed to help you establish a consistent morning practice that sets a positive tone for the day.""
  },
  ""steps"": [
    {
      ""title"": ""Mountain Pose (Tadasana) and Breathing"",
      ""detail"": ""Start by standing tall with your feet hip-width apart, arms by your sides, and engage your core. Take a few deep breaths, feeling the air move in and out of your body. This pose helps establish good posture and sets the foundation for the rest of the practice.""
    },
    {
      ""title"": ""Neck Stretch"",
      ""detail"": ""Slowly tilt your head to the right, bringing your ear towards your right shoulder. Hold for 30 seconds and then gently come back to center. Repeat on the left side. This stretch helps relieve tension in the neck and improves flexibility.""
    },
    {
      ""title"": ""Shoulder Rolls and Chest Expansion"",
      ""detail"": ""Roll your shoulders forward and backward in a circular motion. Then, place your hands on a wall or door frame and lean forward, stretching your chest. Hold for 30 seconds. This sequence helps loosen tight shoulders and opens up the chest.""
    },
    {
      ""title"": ""Cat-Cow Stretch"",
      ""detail"": ""Start on your hands and knees. Inhale and arch your back, lifting your tailbone and head towards the ceiling (cat pose). Exhale and round your back, tucking your chin towards your chest and your tailbone towards the ground (cow pose). Repeat for 30 seconds. This stretch helps warm up the spine and improves flexibility.""
    },
    {
      ""title"": ""Child's Pose (Balasana) and Savasana"",
      ""detail"": ""Kneel on the ground and sit back onto your heels. Stretch your arms out in front of you and lower your forehead to the ground. Hold for 5-10 minutes, breathing deeply and relaxing your body. This pose helps calm the mind and rejuvenate the body.""
    }
  ],
  ""summary"": ""This beginner-friendly yoga routine is designed to be practiced in the morning, and can be completed in approximately 15-20 minutes. It's a gentle and accessible sequence that can be modified to suit your individual needs and abilities. Remember to listen to your body and honor its limitations. With regular practice, you can expect to feel more energized, focused, and centered throughout your day.""
}"
Explain basic stretching exercises for reducing back pain,"{
  ""plan"": {
    ""overview"": ""This plan aims to provide a comprehensive guide to basic stretching exercises for reducing back pain. By incorporating these exercises into your daily routine, you can help alleviate tension and discomfort in your back muscles, improving overall flexibility and reducing the risk of injury."",
    ""rationale"": ""Stretching is an effective way to reduce back pain by increasing flexibility, reducing muscle tension, and improving posture. By targeting specific muscle groups, these exercises can help to alleviate strain on the back and promote a sense of relaxation and well-being.""
  },
  ""steps"": [
    {
      ""title"": ""Neck Stretch"",
      ""detail"": ""Slowly tilt your head to the side, bringing your ear towards your shoulder. Hold for 30 seconds and then return to the starting position. Repeat on the other side. This exercise helps to stretch the muscles in the neck and upper back, which can become tense and contribute to back pain.""
    },
    {
      ""title"": ""Shoulder Rolls"",
      ""detail"": ""Roll your shoulders forward and backward in a circular motion. Repeat for 10-15 repetitions. This exercise helps to loosen and relax the muscles in the shoulders and upper back, which can become tight and contribute to back pain.""
    },
    {
      ""title"": ""Chest Stretch"",
      ""detail"": ""Place your hands on a wall or door frame and lean forward, stretching your chest. Hold for 30 seconds. This exercise helps to stretch the muscles in the chest and shoulders, which can become tight and pull the shoulders forward, contributing to back pain.""
    },
    {
      ""title"": ""Cat-Cow Stretch"",
      ""detail"": ""Start on your hands and knees. Arch your back, lifting your tailbone and head towards the ceiling (like a cat). Then, round your back, tucking your chin towards your chest and your tailbone towards the floor (like a cow). Repeat for 10-15 repetitions. This exercise helps to stretch and mobilize the spine, improving flexibility and reducing stiffness.""
    },
    {
      ""title"": ""Knee to Chest Stretch"",
      ""detail"": ""Lie on your back and bring one knee towards your chest. Hold for 30 seconds and then return to the starting position. Repeat on the other side. This exercise helps to stretch the muscles in the lower back and hips, which can become tight and contribute to back pain.""
    }
  ],
  ""summary"": ""By incorporating these basic stretching exercises into your daily routine, you can help reduce back pain and improve overall flexibility and well-being. Remember to hold each stretch for 30 seconds and breathe deeply, feeling the stretch in your muscles. It's also important to listen to your body and stop if you experience any discomfort or pain.""
}"
Suggest a healthy breakfast plan for a busy work week,"{
  ""plan"": {
    ""overview"": ""A healthy breakfast plan for a busy work week is essential to boost energy levels, improve focus, and set a positive tone for the day. This plan is designed to provide a balanced mix of nutrients, convenience, and time-saving tips to help you power through your morning routine."",
    ""rationale"": ""A nutritious breakfast has been shown to improve cognitive function, memory, and mood, while also supporting weight management and overall health. By prioritizing breakfast, you'll be better equipped to tackle the demands of a busy work week.""
  },
  ""steps"": [
    {
      ""title"": ""Step 1: Prepare Overnight Oats"",
      ""detail"": ""Mix 1/2 cup rolled oats, 1/2 cup unsweetened almond milk, and 1 tablespoon chia seeds in a jar or container. Refrigerate overnight and top with fresh fruit, nuts, or seeds in the morning.""
    },
    {
      ""title"": ""Step 2: Cook Avocado Toast"",
      ""detail"": "" Toast whole grain bread, mash 1/2 avocado, and spread on top. Add a sliced egg, salt, and pepper to taste. This breakfast is rich in healthy fats, protein, and fiber.""
    },
    {
      ""title"": ""Step 3: Whip Up a Smoothie"",
      ""detail"": ""Combine 1 cup frozen berries, 1/2 banana, 1/2 cup unsweetened almond milk, and 1 tablespoon chia seeds in a blender. Add a scoop of protein powder or nuts for an extra boost.""
    },
    {
      ""title"": ""Step 4: Prepare Muffin Tin Frittatas"",
      ""detail"": ""Whisk 6 eggs, 1/2 cup diced veggies (bell peppers, onions, mushrooms), and 1/2 cup shredded cheese. Pour into muffin tin cups and bake at 375°F for 15-20 minutes. These individual frittatas are perfect for grabbing on-the-go.""
    },
    {
      ""title"": ""Step 5: Make a Breakfast Burrito"",
      ""detail"": ""Scramble 2 eggs, add 1/4 cup black beans, 1/4 cup diced bell peppers, and 1 tablespoon shredded cheese. Wrap in a whole grain tortilla and add salsa or hot sauce for extra flavor.""
    }
  ],
  ""summary"": ""By following this healthy breakfast plan, you'll be well on your way to a productive and energized work week. With a mix of protein, complex carbohydrates, and healthy fats, these breakfast options will keep you full and focused throughout the morning. Remember to prep ahead, save time, and enjoy the benefits of a nutritious breakfast!"" }"
Describe proper running form for long distance running,"{
""plan"": {
""overview"": ""Proper running form is essential for efficient and injury-free long distance running. It involves maintaining a neutral spine, engaging the core, and landing midfoot or forefoot."",
""rationale"": ""Good running form helps to reduce the risk of injury, conserve energy, and improve overall performance.""
},
""steps"": [
{
""title"": ""Maintain a Neutral Spine"",
""detail"": ""Keep your spine in a neutral position, with a slight forward lean from the ankles. Avoid arching your back or looking up at the horizon.""
},
{
""title"": ""Engage Your Core"",
""detail"": ""Activate your core muscles by drawing your belly button towards your spine. This will help to stabilize your body and maintain good posture.""
},
{
""title"": ""Land Midfoot or Forefoot"",
""detail"": ""Try to land midfoot or forefoot instead of heel striking. This reduces the impact on your joints and can help to reduce the risk of injury.""
},
{
""title"": ""Keep Your Posture Relaxed"",
""detail"": ""Avoid tensing up your shoulders, arms, or legs. Keep your posture relaxed and your body in a state of gentle relaxation.""
},
{
""title"": ""Practice Good Breathing"",
""detail"": ""Practice deep, rhythmic breathing to help you stay relaxed and focused. Inhale for 2-3 steps and exhale for 2-3 steps.""
}
],
""summary"": ""By following these steps, you can develop good running form and improve your overall running experience. Remember to practice regularly and listen to your body to avoid injury.""
}"
Explain meditation techniques for reducing stress,"{
  ""plan"": {
    ""overview"": ""Meditation is a powerful tool for reducing stress and improving overall well-being. By incorporating meditation into your daily routine, you can learn to manage stress and anxiety, improve your focus and concentration, and even boost your mood."",
    ""rationale"": ""Stress is a natural response to perceived threats or challenges, and it can have a significant impact on both physical and mental health. Meditation has been shown to reduce the production of stress hormones like cortisol, leading to a decrease in stress and anxiety levels.""
  },
  ""steps"": [
    {
      ""title"": ""Find a quiet and comfortable space"",
      ""detail"": ""Identify a quiet and comfortable space where you can sit and meditate without distractions. You can use a cushion or chair, whichever feels most supportive for your back. Take a few deep breaths and get settled before starting your meditation practice.""
    },
    {
      ""title"": ""Focus on your breath"",
      ""detail"": ""Bring your attention to your breath, feeling the sensation of the air moving in and out of your nostrils. When your mind wanders, gently bring it back to your breath without judgment. Start with short sessions, such as 5-10 minutes, and gradually increase as you become more comfortable with the practice.""
    },
    {
      ""title"": ""Use guided meditations"",
      ""detail"": ""Guided meditations can be a great way to get started with meditation, especially if you're new to the practice. You can find guided meditations online or through apps like Headspace or Calm. These meditations can help you focus and stay on track, and they often incorporate relaxing music and nature sounds to enhance the experience.""
    },
    {
      ""title"": ""Practice mindfulness"",
      ""detail"": ""Mindfulness is the practice of being present in the moment, without judgment or distraction. You can incorporate mindfulness into your daily routine by paying attention to your thoughts, emotions, and physical sensations. Take a few deep breaths and bring your attention to the present moment, noticing the sights, sounds, and sensations around you.""
    },
    {
      ""title"": ""Make meditation a habit"",
      ""detail"": ""Consistency is key when it comes to meditation. Try to make meditation a regular part of your daily routine, such as first thing in the morning or before bed. Start with a manageable goal, such as 5-10 minutes a day, and gradually increase as you become more comfortable with the practice.""
  }],
  ""summary"": ""By incorporating meditation into your daily routine, you can reduce stress and anxiety, improve your focus and concentration, and even boost your mood. Remember to find a quiet and comfortable space, focus on your breath, use guided meditations, practice mindfulness, and make meditation a habit to get the most out of this powerful stress-reducing technique.""
}"
Explain how photosynthesis works in plants,"{
  ""plan"": {
    ""overview"": ""Photosynthesis is the process by which plants, algae, and some bacteria convert light energy from the sun into chemical energy in the form of glucose, releasing oxygen as a byproduct."",
    ""rationale"": ""Understanding photosynthesis is crucial for grasping the fundamental principles of plant biology and the interconnectedness of ecosystems.""
  },
  ""steps"": [
    {
      ""title"": ""Step 1: Light Absorption"",
      ""detail"": ""Plants absorb light energy from the sun through their leaves, which contain pigments such as chlorophyll, carotenoids, and anthocyanins. Chlorophyll a is the most important pigment, responsible for absorbing blue and red light.""
    },
    {
      ""title"": ""Step 2: Excitation of Electrons"",
      ""detail"": ""The absorbed light energy excites electrons in the pigments, which are then transferred to a special molecule called an electron acceptor. This creates a high-energy electron pair.""
    },
    {
      ""title"": ""Step 3: Transfer of Electrons"",
      ""detail"": ""The high-energy electron pair is passed along a series of electron carriers in the thylakoid membrane, ultimately resulting in the formation of a proton gradient across the membrane.""
    },
    {
      ""title"": ""Step 4: ATP Synthesis"",
      ""detail"": ""The proton gradient is used to produce ATP (adenosine triphosphate) through the process of chemiosmosis. This is the primary energy currency of the cell.""
    },
    {
      ""title"": ""Step 5: Reduction of CO2"",
      ""detail"": ""The energy from ATP is used to convert CO2 into glucose (C6H12O6) through the Calvin cycle. This process involves the fixation of CO2 into a three-carbon molecule called 3-phosphoglycerate, which is then converted into glucose.""
    }
  ],
  ""summary"": ""In summary, photosynthesis is a complex process that involves the absorption of light energy, excitation of electrons, transfer of electrons, ATP synthesis, and reduction of CO2 to produce glucose and oxygen. This process is essential for plant growth and development, and ultimately supports life on Earth.""
}"
Describe the water cycle and its main stages,"{
  ""plan"": {
    ""overview"": ""The water cycle, also known as the hydrologic cycle, is the continuous process by which water is circulated between the Earth and the atmosphere. It is a vital process that sustains life on our planet."",
    ""rationale"": ""Understanding the water cycle is essential to comprehend the Earth's climate, weather patterns, and the distribution of water resources.""
  },
  ""steps"": [
    {
      ""title"": ""Evaporation"",
      ""detail"": ""The water cycle begins with evaporation, where water from the oceans, lakes, rivers, and the ground surface evaporates into the air as water vapor. This process occurs when the temperature and humidity are high enough to allow water molecules to change from a liquid to a gas state.""
    },
    {
      ""title"": ""Condensation"",
      ""detail"": ""As water vapor rises into the air, it cools down, and its temperature decreases. When it reaches its dew point, it condenses into tiny droplets, forming clouds, fog, or dew. This process is facilitated by the cooling effect of the atmosphere and the presence of condensation nuclei, such as dust particles or salt crystals.""
    },
    {
      ""title"": ""Precipitation"",
      ""detail"": ""When the clouds become saturated with water, the water droplets combine to form larger droplets, which eventually become too heavy to remain suspended in the air. This leads to precipitation in the form of rain, snow, sleet, or hail. Precipitation can occur when the air is cooled further, such as when it rises over a mountain or is cooled by the ground.""
    },
    {
      ""title"": ""Runoff and Infiltration"",
      ""detail"": ""Once the precipitation reaches the ground, it can either flow over the surface as runoff or seep into the soil as infiltration. Runoff can collect in low-lying areas and flow into streams, rivers, and lakes, while infiltration helps to recharge groundwater aquifers.""
    },
    {
      ""title"": ""Transpiration and Evapotranspiration"",
      ""detail"": ""Plants absorb water from the soil and release it into the air as water vapor through a process called transpiration. This process, combined with evaporation from the soil and other surfaces, is known as evapotranspiration. Evapotranspiration plays a crucial role in the water cycle, as it helps to recycle water back into the atmosphere.""
    }
  ],
  ""summary"": ""The water cycle is a continuous process that involves the movement of water between the Earth and the atmosphere. It consists of four main stages: evaporation, condensation, precipitation, and runoff and infiltration. Understanding the water cycle is essential to comprehend the Earth's climate, weather patterns, and the distribution of water resources.""
}"
Explain the basic rules of English grammar for beginners,"{
  ""plan"": {
    ""overview"": ""In this plan, we will cover the basic rules of English grammar for beginners. We will start with the fundamental concepts and build upon them to provide a solid foundation for further learning."",
    ""rationale"": ""Understanding the basic rules of English grammar is essential for effective communication in English. It helps to build confidence in writing and speaking, and enables individuals to express themselves clearly and accurately.""
  },
  ""steps"": [
    {
      ""title"": ""Step 1: Understanding the Parts of Speech"",
      ""detail"": ""The first step in learning English grammar is to understand the parts of speech. The parts of speech are the basic categories of words in a language, and they include nouns, verbs, adjectives, adverbs, pronouns, prepositions, and conjunctions. Each part of speech has its own unique function and characteristics, and understanding them is essential for effective communication.""
    },
    {
      ""title"": ""Step 2: Understanding Sentence Structure"",
      ""detail"": ""The next step is to understand sentence structure. A sentence is a group of words that expresses a complete thought, and it typically consists of a subject, a verb, and sometimes an object. The subject is the noun or pronoun that performs the action described by the verb, and the object is the noun or pronoun that receives the action. Understanding sentence structure is crucial for building sentences that are clear and concise.""
    },
    {
      ""title"": ""Step 3: Understanding Verb Tenses"",
      ""detail"": ""Verbs are an essential part of English grammar, and understanding verb tenses is critical for effective communication. There are several verb tenses, including the present tense, past tense, and future tense. Each tense has its own unique characteristics and uses, and understanding them is essential for expressing time and action accurately.""
    },
    {
      ""title"": ""Step 4: Understanding Clauses and Phrases"",
      ""detail"": ""Clauses and phrases are groups of words that function together to convey meaning. Independent clauses are complete sentences that can stand alone, while dependent clauses are incomplete sentences that rely on an independent clause to make sense. Understanding clauses and phrases is essential for building complex sentences and expressing nuanced ideas.""
    },
    {
      ""title"": ""Step 5: Practicing Grammar in Context"",
      ""detail"": ""The final step is to practice grammar in context. This involves using grammar rules to build sentences and paragraphs that are clear and concise. It also involves practicing active reading and listening comprehension to improve understanding of grammar in context.""
    }
  ],
  ""summary"": ""By following these steps, beginners can build a solid foundation in English grammar and improve their ability to communicate effectively in English. Remember to practice regularly and seek feedback from a teacher or tutor to improve your skills.""
}"
Describe the process of evolution by natural selection,"{
  ""plan"": {
    ""overview"": ""In this response, we will outline the process of evolution by natural selection, a fundamental concept in biology that explains how species adapt and change over time."",
    ""rationale"": ""Understanding evolution by natural selection is crucial for grasping the diversity of life on Earth and the mechanisms that drive it.""
  },
  ""steps"": [
    {
      ""title"": ""Step 1: Variation in Population"",
      ""detail"": ""All species exhibit genetic variation within their populations, resulting from mutations, genetic recombination, and gene flow. This variation is the raw material for evolution.""
    },
    {
      ""title"": ""Step 2: Heritability of Traits"",
      ""detail"": ""The traits exhibited by individuals in a population are determined by their genetic makeup. These traits are heritable, meaning they are passed down from parents to offspring.""
    },
    {
      ""title"": ""Step 3: Environmental Pressure"",
      ""detail"": ""The environment presents challenges and opportunities that affect the survival and reproduction of individuals in a population. This environmental pressure can be in the form of predation, competition for resources, climate, or disease.""
    },
    {
      ""title"": ""Step 4: Differential Survival and Reproduction"",
      ""detail"": ""Individuals with traits that are better suited to the environment are more likely to survive and reproduce, passing those traits on to their offspring. Conversely, individuals with traits that are less well-suited may struggle to survive and reproduce.""
    },
    {
      ""title"": ""Step 5: Accumulation of Adaptations"",
      ""detail"": ""Over time, the process of natural selection leads to the accumulation of adaptations in a population. As individuals with advantageous traits are more likely to survive and reproduce, the population as a whole becomes better suited to its environment.""
    }
  ],
  ""summary"": ""Evolution by natural selection is a powerful mechanism that drives the adaptation and diversification of species. By understanding the steps involved in this process, we can appreciate the intricate relationships between organisms and their environments, and gain insights into the incredible diversity of life on Earth.""
}"
Explain how electricity flows through a simple circuit,"{
  ""plan"": {
    ""overview"": ""In this explanation, we will explore the flow of electricity through a simple circuit, covering the fundamental principles and components involved."",
    ""rationale"": ""Understanding how electricity flows through a circuit is essential for designing and building electrical systems, and this explanation will provide a solid foundation for further learning.""
  },
  ""steps"": [
    {
      ""title"": ""Step 1: Introduction to Electricity"",
      ""detail"": ""Electricity is a form of energy that is generated by the movement of charged particles, such as electrons. In a circuit, electricity flows from a source, such as a battery, through a conductor, such as a wire, and back to the source.""
    },
    {
      ""title"": ""Step 2: The Circuit Components"",
      ""detail"": ""A simple circuit typically consists of three main components: a power source (such as a battery), a conductor (such as a wire), and a load (such as a light bulb). The power source provides the energy, the conductor allows the energy to flow, and the load uses the energy.""
    },
    {
      ""title"": ""Step 3: Electric Current"",
      ""detail"": ""Electric current is the flow of electrons through a conductor. It is measured in amperes (A) and is represented by the symbol I. The direction of electric current is from positive to negative, and it is affected by factors such as resistance and voltage.""
    },
    {
      ""title"": ""Step 4: Voltage and Resistance"",
      ""detail"": ""Voltage, or electric potential difference, is the force that drives electric current through a conductor. It is measured in volts (V) and is represented by the symbol V. Resistance, on the other hand, is the opposition to the flow of electric current. It is measured in ohms (Ω) and is represented by the symbol R.""
    },
    {
      ""title"": ""Step 5: How Electricity Flows Through the Circuit"",
      ""detail"": ""When the circuit is closed, the power source provides energy to the conductor, which allows the electrons to flow from the negative terminal to the positive terminal. The voltage from the power source pushes the electrons through the conductor, and the resistance of the conductor slows down the flow of electrons. The load, such as a light bulb, uses the energy to produce light or heat.""
    }
  ],
  ""summary"": ""In conclusion, electricity flows through a simple circuit by moving from the negative terminal of the power source, through the conductor, and back to the positive terminal. The flow of electricity is influenced by factors such as voltage, resistance, and the load, and understanding these principles is essential for designing and building electrical systems.""
}"
Explain how to set up a basic Python development environment,"{
  ""plan"": {
    ""overview"": ""Setting up a basic Python development environment involves installing the necessary tools and software to write, run, and debug Python code. This plan will guide you through the process step-by-step."",
    ""rationale"": ""Having a solid development environment is crucial for writing and testing Python code efficiently. This setup will provide you with a foundation for future development and experimentation.""
  },
  ""steps"": [
    {
      ""title"": ""Install Python"",
      ""detail"": ""Download and install the latest version of Python from the official Python website (<https://www.python.org/downloads/>). Follow the installation instructions for your operating system (Windows, macOS, or Linux).""
    },
    {
      ""title"": ""Install a Text Editor or IDE"",
      ""detail"": ""Choose a text editor or Integrated Development Environment (IDE) that you prefer. Some popular options include Visual Studio Code, PyCharm, Sublime Text, and Atom. Install the chosen editor or IDE according to its installation instructions.""
    },
    {
      ""title"": ""Install pip"",
      ""detail"": ""pip is the package installer for Python. If you installed Python using the official installer, pip should be installed automatically. Otherwise, you can download and install pip from the official Python website (<https://pip.pypa.io/en/stable/installing/>).""
    },
    {
      ""title"": ""Install a Virtual Environment"",
      ""detail"": ""A virtual environment is a self-contained Python environment that allows you to isolate your project dependencies and avoid conflicts with other projects. Install the virtual environment tool, venv, using pip: `pip install venv`.""
    },
    {
      ""title"": ""Verify Your Setup"",
      ""detail"": ""Open a terminal or command prompt and verify that Python and pip are installed correctly by running `python --version` and `pip --version`. Create a new virtual environment using `python -m venv myenv` (replace `myenv` with your desired environment name). Activate the virtual environment using `myenv\bin\/python` (on Windows) or `source myenv/bin/activate` (on macOS/Linux).""
    }
  ],
  ""summary"": ""By following these steps, you have successfully set up a basic Python development environment. You can now start writing and running Python code using your preferred text editor or IDE, and manage your project dependencies using pip and virtual environments.""
}"
Describe how to create a simple web page with HTML and CSS,"{
  ""plan"": {
    ""overview"": ""In this plan, we will create a simple web page using HTML and CSS. We will start by creating the basic structure of the page using HTML, and then add styles using CSS to make it visually appealing."",
    ""rationale"": ""Understanding the basics of HTML and CSS is essential for building a website. This plan will provide a step-by-step guide on how to create a simple web page, which will serve as a foundation for more complex web development projects.""
  },
  ""steps"": [
    {
      ""title"": ""Step 1: Create a new HTML file"",
      ""detail"": ""Open a text editor or an Integrated Development Environment (IDE) and create a new file with a .html extension. This file will contain the basic structure of our web page.""
    },
    {
      ""title"": ""Step 2: Add the basic HTML structure"",
      ""detail"": ""In the HTML file, add the following basic structure:\n\n<!DOCTYPE html>\n<html>\n<head>\n<title>My Simple Web Page</title>\n</head>\n<body>\n\n</body>\n</html>\n\nThis structure includes the doctype declaration, the html element, the head element, and the body element.""
    },
    {
      ""title"": ""Step 3: Add headings and paragraphs"",
      ""detail"": ""Add headings and paragraphs to the body element to create content for our web page. For example:\n\n<h1>Welcome to my web page!</h1>\n<p>This is a paragraph of text.</p>\n\nYou can add more headings and paragraphs as needed.""
    },
    {
      ""title"": ""Step 4: Add CSS styles"",
      ""detail"": ""Create a new file with a .css extension and add the following code to style our web page:\n\nbody {\n  background-color: #f2f2f2;\n  font-family: Arial, sans-serif;\n}\n\nh1 {\n  color: #00698f;\n  font-size: 36px;\n}\n\np {\n  color: #666666;\n  font-size: 18px;\n}\n\nThis code sets the background color, font family, and font sizes for the body, headings, and paragraphs.""
    },
    {
      ""title"": ""Step 5: Link the CSS file to the HTML file"",
      ""detail"": ""In the HTML file, add a link tag to the head element to link the CSS file to the HTML file:\n\n<head>\n  <title>My Simple Web Page</title>\n  <link rel='stylesheet' type='text/css' href='style.css'>\n</head>\n\nMake sure to replace 'style.css' with the actual name of your CSS file.""
    }
  ],
  ""summary"": ""By following these steps, you have created a simple web page using HTML and CSS. You can customize the styles and content to create a unique web page that suits your needs.""
}"
Explain the difference between a list and a tuple in Python,"{
  ""plan"": {
    ""overview"": ""In this response, we will explore the difference between lists and tuples in Python, a fundamental concept in programming."",
    ""rationale"": ""Understanding the distinction between these two data structures is crucial for effective programming in Python.""
  },
  ""steps"": [
    {
      ""title"": ""What are Lists in Python?"",
      ""detail"": ""In Python, a list is a collection of items that can be of any data type, including strings, integers, floats, and other lists. Lists are denoted by square brackets `[]` and are mutable, meaning their contents can be modified after creation.""
    },
    {
      ""title"": ""What are Tuples in Python?"",
      ""detail"": ""In Python, a tuple is a collection of items that can be of any data type, including strings, integers, floats, and other tuples. Tuples are denoted by parentheses `()` or square brackets `[]` and are immutable, meaning their contents cannot be modified after creation.""
    },
    {
      ""title"": ""Key Differences"",
      ""detail"": ""The primary differences between lists and tuples are their mutability and syntax. Lists are mutable, while tuples are immutable. Lists use square brackets `[]`, while tuples can use either square brackets `[]` or parentheses `()`. Additionally, lists are often used for dynamic data structures, while tuples are often used for static data structures.""
    },
    {
      ""title"": ""When to Use Each"",
      ""detail"": ""Lists are typically used when you need to modify the contents of a collection, such as when working with dynamic data structures or algorithms. Tuples are typically used when you need to store a collection of items that should not be modified, such as when working with static data structures or constants.""
    },
    {
      ""title"": ""Conclusion"",
      ""detail"": ""In conclusion, lists and tuples are both essential data structures in Python, each with its own strengths and weaknesses. Understanding the differences between them is crucial for effective programming in Python.""
    }
  ],
  ""summary"": ""In this response, we have explored the difference between lists and tuples in Python, including their syntax, mutability, and use cases. By understanding these fundamental concepts, you can write more effective and efficient code in Python.""
}"
Describe how version control works in Git,"{
  ""plan"": {
    ""overview"": ""In this plan, we will explore the basics of version control in Git, a popular distributed version control system."",
    ""rationale"": ""Understanding version control is essential for collaborative software development, and Git is a widely-used tool for managing changes to code and other digital content.""
  },
  ""steps"": [
    {
      ""title"": ""Step 1: Initialize a Git Repository"",
      ""detail"": ""To start using Git, you need to initialize a Git repository in your project directory. This creates a hidden directory called .git that stores all the version control information. You can initialize a repository using the command `git init`.""
    },
    {
      ""title"": ""Step 2: Add Files to the Repository"",
      ""detail"": ""Once the repository is initialized, you can add files to it using the `git add` command. This stages the files for the next commit. You can add specific files or directories using the `-i` option, or add all changes using the `git add .` command.""
    },
    {
      ""title"": ""Step 3: Commit Changes"",
      ""detail"": ""After adding files to the repository, you need to commit the changes using the `git commit` command. This creates a snapshot of the changes and stores it in the local repository. You can add a commit message using the `-m` option to describe the changes.""
    },
    {
      ""title"": ""Step 4: Track Changes"",
      ""detail"": ""Git allows you to track changes to your files using the `git log` command. This displays a log of all commits made to the repository, including the author, date, and commit message. You can also use `git status` to see which files have been modified and need to be committed.""
    },
    {
      ""title"": ""Step 5: Collaborate with Others"",
      ""detail"": ""One of the key features of Git is its ability to collaborate with others. You can share your repository with others using the `git remote` command, and then pull changes from their repository using the `git pull` command. You can also push your changes to their repository using the `git push` command.""
    }
  ],
  ""summary"": ""In this plan, we have covered the basics of version control in Git, including initializing a repository, adding files, committing changes, tracking changes, and collaborating with others. By following these steps, you can effectively use Git to manage changes to your code and collaborate with others.""
}"
Explain the basics of how an operating system schedules processes,"{
  ""plan"": {
    ""overview"": ""In this response, we will explore the basics of how an operating system schedules processes. We will discuss the different scheduling algorithms used by operating systems to manage the allocation of system resources to processes."",
    ""rationale"": ""Understanding how an operating system schedules processes is crucial for ensuring efficient and fair allocation of system resources. This knowledge is essential for developers, system administrators, and users who want to optimize system performance and troubleshoot issues related to process scheduling.""
  },
  ""steps"": [
    {
      ""title"": ""Process Scheduling Basics"",
      ""detail"": ""Process scheduling is the process of allocating system resources such as CPU time, memory, and I/O devices to processes. The operating system uses a scheduling algorithm to determine which process should be executed next and for how long. The goal of process scheduling is to maximize system throughput, minimize latency, and ensure fairness in resource allocation.""
    },
    {
      ""title"": ""Scheduling Algorithms"",
      ""detail"": ""There are several scheduling algorithms used by operating systems, including First-Come-First-Served (FCFS), Shortest Job First (SJF), Priority Scheduling, Round Robin (RR), and Multi-Level Feedback Queue (MLFQ). Each algorithm has its strengths and weaknesses, and the choice of algorithm depends on the specific requirements of the system and the type of processes being executed.""
    },
    {
      ""title"": ""CPU Scheduling"",
      ""detail"": ""CPU scheduling is the process of allocating CPU time to processes. The operating system uses a scheduling algorithm to determine which process should be executed next and for how long. CPU scheduling is a critical component of process scheduling, as it determines the order in which processes are executed and the amount of CPU time allocated to each process.""
    },
    {
      ""title"": ""Memory Management"",
      ""detail"": ""Memory management is another critical component of process scheduling. The operating system uses memory management techniques such as paging, segmentation, and virtual memory to allocate memory to processes. Memory management ensures that each process has sufficient memory to execute and that memory is efficiently allocated and deallocated.""
    },
    {
      ""title"": ""I/O Scheduling"",
      ""detail"": ""I/O scheduling is the process of allocating I/O devices such as disk drives, printers, and network interfaces to processes. The operating system uses a scheduling algorithm to determine which process should have access to an I/O device and for how long. I/O scheduling is critical for ensuring efficient and fair allocation of I/O resources.""
    }
  ],
  ""summary"": ""In conclusion, process scheduling is a critical component of operating system design. Understanding the basics of process scheduling, including scheduling algorithms, CPU scheduling, memory management, and I/O scheduling, is essential for ensuring efficient and fair allocation of system resources. By choosing the right scheduling algorithm and implementing effective memory and I/O management techniques, operating systems can maximize system throughput, minimize latency, and ensure fairness in resource allocation.""
}"
Write a short bedtime story about a friendly dragon,"{
""plan"": {
""overview"": ""A soothing bedtime story about a friendly dragon to help children wind down and drift off to sleep."",
""rationale"": ""The story is designed to be calming and imaginative, with a relatable main character and a gentle pace.""
},
""steps"": [
{
""title"": ""Once upon a time"",
""detail"": ""In a far-off land, where the sun dipped into the horizon and painted the sky with hues of crimson and gold, there lived a friendly dragon named Ember. Ember was unlike any other dragon in the land, for she was kind and gentle, with a heart as warm as the coziest of fires.""
},
{
""title"": ""Ember's daily routine"",
""detail"": ""Every day, Ember would wake up at dawn, stretch her wings, and take a leisurely flight over the rolling hills and green forests. She loved watching the world wake up, and the way the dew sparkled on the grass like a thousand tiny diamonds. After her flight, Ember would return to her cave, where she would spend the morning reading books and practicing her favorite hobby: baking.""
},
{
""title"": ""The aroma of freshly baked treats"",
""detail"": ""As the aroma of freshly baked treats wafted through the air, the creatures of the forest would gather at Ember's cave, eager to taste her latest creations. There were cookies shaped like leaves, cakes flavored with the sweetness of honey, and breads infused with the earthy scent of mushrooms. Ember loved sharing her baked goods with her friends, and they loved her for it.""
},
{
""title"": ""A magical friendship"",
""detail"": ""One day, a young girl named Lily wandered into the forest, searching for a special gift for her mother's birthday. As she wandered deeper into the woods, she stumbled upon Ember's cave, and was immediately drawn to the warm and cozy atmosphere. Ember and Lily became fast friends, and would spend hours talking about their favorite books, playing games, and sharing secrets.""
},
{
""title"": ""A peaceful slumber"",
""detail"": ""As the night drew to a close, Ember would curl up in her cave, surrounded by the creatures she loved, and drift off to sleep, lulled by the sound of crickets and the gentle rustling of leaves. And as she slept, her friends would whisper sweet dreams into her ear, and the forest would whisper its own lullaby, a soothing melody that would carry Ember and all the creatures of the forest into a peaceful slumber.""
}
],
""summary"": ""And so, dear children, it is with a heart full of kindness and a belly full of freshly baked treats that Ember the friendly dragon drifts off to sleep, surrounded by the creatures she loves and the magic of the forest. May your own dreams be as sweet and peaceful as Ember's, and may you wake up feeling refreshed and ready for a new day.""
}"
Describe a peaceful morning at a countryside farm,"{
  ""plan"": {
    ""overview"": ""A serene and idyllic morning at a countryside farm, where the sounds of nature and the gentle pace of farm life come together to create a sense of tranquility and peace."",
    ""rationale"": ""This peaceful morning at the farm is a chance to disconnect from the hustle and bustle of daily life and reconnect with nature and the simple things.""
  },
  ""steps"": [
    {
      ""title"": ""Wake Up to the Birds"",
      ""detail"": ""Start the day by waking up to the sweet songs of birds chirping outside your window. Take a deep breath and let the fresh country air fill your lungs, feeling the stress and tension melt away.""
    },
    {
      ""title"": ""Take a Stroll Through the Fields"",
      ""detail"": ""Put on your comfiest shoes and take a leisurely walk through the rolling hills and fields of the farm. Feel the sun shining down on you and the gentle breeze rustling the grass as you take in the breathtaking views.""
    },
    {
      ""title"": ""Collect Fresh Eggs"",
      ""detail"": ""Head to the chicken coop to collect fresh eggs from the happy hens. Watch as they peck and scratch in the dirt, feeling grateful for the simple joys in life.""
    },
    {
      ""title"": ""Enjoy a Farm-Fresh Breakfast"",
      ""detail"": ""Return to the farmhouse and enjoy a hearty breakfast made with fresh eggs, homemade bread, and locally-sourced ingredients. Savor each bite and feel grateful for the abundance of the land.""
    },
    {
      ""title"": ""Take a Moment to Reflect"",
      ""detail"": ""Find a quiet spot to sit and reflect on the beauty of the world around you. Take a few deep breaths, feeling the peace and tranquility of the farm wash over you.""
    }
  ],
  ""summary"": ""A peaceful morning at the countryside farm is a chance to slow down, connect with nature, and find serenity in the simple things. By following these steps, you can create a sense of calm and tranquility that will stay with you throughout the day.""
}"
Write a poem about autumn leaves falling,"{
  ""plan"": {
    ""overview"": ""A poetic exploration of the beauty and fleeting nature of autumn leaves"",
    ""rationale"": ""To capture the essence of the season and the emotions it evokes""
  },
  ""steps"": [
    {
      ""title"": ""Setting the Scene"",
      ""detail"": ""Establishing the atmosphere of autumn, with its warm colors and crisp air""
    },
    {
      ""title"": ""The Leaves' Descent"",
      ""detail"": ""Describing the gentle fall of leaves from the trees, like nature's own confetti""
    },
    {
      ""title"": ""Whispers of Memories"",
      ""detail"": ""Exploring the nostalgia and sentimentality evoked by the falling leaves""
    },
    {
      ""title"": ""A Symphony of Color"",
      ""detail"": ""Painting a vivid picture of the kaleidoscope of colors on the ground""
    },
    {
      ""title"": ""The Leaves' Final Dance"",
      ""detail"": ""Capturing the fleeting beauty of the leaves as they twirl and swirl in the breeze""
    }
  ],
  ""summary"": ""As autumn's palette unfurls, a tapestry of gold and crimson, the leaves' gentle fall whispers secrets of the past. Like nature's own confetti, they dance upon the breeze, their final waltz a symphony of color, a fleeting beauty that beckons us to cherish the present.""
}"
Describe a character who runs a small bookshop,"{
  ""plan"": {
    ""overview"": ""Meet Emma, a book lover who has always dreamed of running her own bookshop. She has finally achieved her goal and is now the proud owner of a small, cozy bookshop in the heart of the city."",
    ""rationale"": ""Emma's passion for books and her desire to share that passion with others led her to open her own bookshop. She wanted to create a welcoming space where people could come together to discover new authors, explore different genres, and connect with fellow book lovers.""
  },
  ""steps"": [
    {
      ""title"": ""Emma's Background"",
      ""detail"": ""Emma grew up in a family of book lovers and developed a love for reading at a young age. She went on to study literature in college and worked in various bookstores before deciding to open her own shop.""
    },
    {
      ""title"": ""Finding the Perfect Location"",
      ""detail"": ""Emma spent months searching for the perfect location for her bookshop. She wanted a spot that was easily accessible, had a high foot traffic, and was surrounded by other small businesses. After much searching, she finally found a charming little spot in the heart of the city.""
    },
    {
      ""title"": ""Designing the Shop"",
      ""detail"": ""Emma worked with an architect to design the interior of her bookshop. She wanted it to feel cozy and inviting, with comfortable seating areas and plenty of natural light. She also made sure to include a children's section, a section for rare and used books, and a section for local authors.""
    },
    {
      ""title"": ""Stocking the Shelves"",
      ""detail"": ""Emma spent hours selecting the perfect books for her shop. She wanted to have a diverse selection of fiction and non-fiction, including classics, bestsellers, and hidden gems. She also made sure to include a section for staff picks, where her employees could recommend their favorite books.""
    },
    {
      ""title"": ""Hosting Events"",
      ""detail"": ""Emma knew that hosting events would be a great way to bring people together and create a sense of community in her bookshop. She started hosting book clubs, author readings, and children's storytime sessions, which quickly became popular with locals and visitors alike.""
    }
  ],
  ""summary"": ""Emma's small bookshop has become a beloved fixture in the community, a place where people can come together to share their love of reading and discover new authors and genres. With its cozy atmosphere, diverse selection of books, and regular events, Emma's bookshop is a must-visit destination for book lovers of all ages.""
}"
Write a short dialogue between two astronauts on the moon,"{
  ""plan"": {
    ""overview"": ""This dialogue aims to capture a brief conversation between two astronauts on the moon, highlighting their excitement and sense of accomplishment as they explore the lunar surface."",
    ""rationale"": ""The dialogue will showcase the astronauts' wonder at the moon's vast, barren landscape and their pride in being part of a historic mission.""
  },
  ""steps"": [
    {
      ""title"": ""Setting the Scene"",
      ""detail"": ""The two astronauts, Mark and Sarah, stand on the moon's surface, gazing out at the endless expanse of craters and rocks. They've been on the moon for several hours, and the gravity is starting to take its toll on their bodies.""
    },
    {
      ""title"": ""Initial Reactions"",
      ""detail"": ""Mark turns to Sarah, his eyes wide with wonder. 'Can you believe we're actually here?' he asks, his voice barely above a whisper. Sarah smiles, her eyes shining with excitement. 'I know, it's incredible,' she replies, her voice filled with awe.""
    },
    {
      ""title"": ""Exploring the Landscape"",
      ""detail"": ""The two astronauts begin to explore the moon's surface, taking careful steps to avoid any hazards. They marvel at the towering craters, the vast, barren plains, and the eerie silence that surrounds them.""
    },
    {
      ""title"": ""Pride and Accomplishment"",
      ""detail"": ""As they walk, Mark and Sarah can't help but feel a sense of pride and accomplishment. They've traveled millions of miles to reach this moment, and it's a feeling they'll never forget. 'We did it, Sarah,' Mark says, his voice filled with emotion. 'We're actually on the moon.'""
    },
    {
      ""title"": ""Reflection and Contemplation"",
      ""detail"": ""As the sun begins to set on the moon's horizon, Mark and Sarah find a rocky outcropping to sit on. They sit in silence for a moment, taking in the breathtaking view. Then, Mark turns to Sarah and says, 'You know, this is more than just a mission. It's a reminder of what we're capable of as humans.' Sarah nods in agreement, her eyes filled with a sense of wonder and awe.""
    }
  ],
  ""summary"": ""This dialogue captures the excitement and sense of accomplishment of two astronauts as they explore the moon's surface. From their initial reactions to their pride and accomplishment, Mark and Sarah's conversation is a testament to the power of human exploration and discovery.""
}"
Suggest a daily routine for improving focus and productivity,"{
  ""plan"": {
    ""overview"": ""Establishing a daily routine can help improve focus and productivity by providing structure and consistency. This plan aims to help you prioritize your tasks, manage your time effectively, and maintain a healthy work-life balance."",
    ""rationale"": ""By following this daily routine, you can expect to see improvements in your ability to stay focused, complete tasks efficiently, and achieve your goals. Regular breaks and self-care activities will also help reduce stress and increase overall well-being.""
  },
  ""steps"": [
    {
      ""title"": ""Morning Routine"",
      ""detail"": ""Start your day with a consistent morning routine that sets the tone for productivity. This can include activities such as meditation, journaling, or a short workout. Aim to wake up at the same time every day, including weekends, to establish a consistent sleep schedule.""
    },
    {
      ""title"": ""Prioritize Tasks"",
      ""detail"": ""Begin your workday by prioritizing your tasks using the Eisenhower Matrix. Divide your tasks into urgent vs. important, and focus on the most critical ones first. Use a task management tool or planner to stay organized and on track.""
    },
    {
      ""title"": ""Work in Focus Blocks"",
      ""detail"": ""Work in focused 90-minute blocks, followed by a 10-15 minute break. This technique is known as the Pomodoro Technique. Use a timer to stay on track and avoid distractions during your work sessions.""
    },
    {
      ""title"": ""Take Regular Breaks"",
      ""detail"": ""Take regular breaks throughout the day to recharge and refocus. Use this time to stretch, move your body, or practice relaxation techniques. Aim for a balance between work and rest to maintain productivity and overall well-being.""
    },
    {
      ""title"": ""Review and Reflect"",
      ""detail"": ""End your workday by reviewing your accomplishments and reflecting on what worked well. Identify areas for improvement and adjust your plan for the next day. Take a few minutes to relax and unwind before transitioning to personal activities.""
    }
  ],
  ""summary"": ""By following this daily routine, you can improve your focus and productivity by establishing a consistent structure, prioritizing tasks, working in focused blocks, taking regular breaks, and reviewing your progress. Remember to be flexible and adjust the plan as needed to suit your unique needs and preferences.""
}"
Describe tips for organizing a small home office,"{
  ""plan"": {
    ""overview"": ""Creating a well-organized small home office can boost your productivity and reduce stress. With a few simple tips, you can turn your small space into a functional and comfortable workspace."",
    ""rationale"": ""A cluttered and disorganized workspace can lead to decreased focus, increased stress, and decreased overall job satisfaction. By implementing the following steps, you can create a space that is tailored to your needs and helps you stay focused and productive.""
  },
  ""steps"": [
    {
      ""title"": ""Purge and declutter"",
      ""detail"": ""Start by getting rid of anything you don't need or use. Go through your files, papers, and office supplies and sort them into three piles: keep, donate/sell, and throw away. Be ruthless – if you haven't used it in the past year, it's probably safe to get rid of it.""
    },
    {
      ""title"": ""Assign a home for each item"",
      ""detail"": ""Once you've purged your belongings, assign a home for each item. This means designating a specific place for your computer, papers, and office supplies. This will help keep your space organized and make it easier to find what you need when you need it.""
    },
    {
      ""title"": ""Use storage containers"",
      ""detail"": ""Use storage containers to keep items that you need but don't use frequently. Label each container so you can easily find what you need. You can use bins, baskets, or even repurposed containers like old suitcases or crates.""
    },
    {
      ""title"": ""Invest in a good desk and chair"",
      ""detail"": ""A good desk and chair can make a big difference in your productivity and comfort. Look for a desk that is sturdy and has enough space for your computer and other essentials. A good chair should be comfortable and provide adequate support for your back and legs.""
    },
    {
      ""title"": ""Add some plants"",
      ""detail"": ""Adding some plants to your home office can help purify the air, reduce stress, and boost your mood. Choose low-maintenance plants like succulents or air plants that are easy to care for.""
    }
  ],
  ""summary"": ""By following these simple tips, you can create a well-organized and functional small home office that helps you stay focused and productive. Remember to purge and declutter, assign a home for each item, use storage containers, invest in a good desk and chair, and add some plants to create a space that is tailored to your needs.""
}"
Explain how to create a weekly meal plan on a budget,"{
  ""plan"": {
    ""overview"": ""Creating a weekly meal plan on a budget can be a great way to save money and eat healthy. By planning your meals in advance, you can avoid last-minute takeout or dining out, and instead cook meals that are both delicious and affordable."",
    ""rationale"": ""Meal planning can help you stick to your budget by reducing food waste, avoiding impulse purchases, and allowing you to make the most of your grocery budget.""
  },
  ""steps"": [
    {
      ""title"": ""Step 1: Determine Your Budget"",
      ""detail"": ""Start by determining how much you can afford to spend on groceries each week. Consider your income, expenses, and any dietary restrictions or preferences you may have. You can use a budgeting app or spreadsheet to help you track your expenses and stay on track.""
    },
    {
      ""title"": ""Step 2: Plan Your Meals"",
      ""detail"": ""Next, plan out your meals for the week. Consider your dietary restrictions and preferences, as well as any leftovers or ingredients you already have on hand. You can find inspiration for meal ideas online or in cookbooks, or use a meal planning app to help you plan your meals.""
    },
    {
      ""title"": ""Step 3: Make a Grocery List"",
      ""detail"": ""Once you have planned your meals, make a list of the ingredients you need to buy. Be sure to check what you already have on hand and avoid duplicate purchases. You can also use a grocery list app to help you stay organized and avoid forgetting anything.""
    },
    {
      ""title"": ""Step 4: Shop Smart"",
      ""detail"": ""When you go to the grocery store, stick to your list and avoid impulse purchases. Consider shopping at discount stores or using coupons to save even more money. You can also buy in bulk and plan meals around what's on sale.""
    },
    {
      ""title"": ""Step 5: Cook and Enjoy"",
      ""detail"": ""Finally, cook your meals and enjoy! Consider meal prepping or cooking in bulk to make the most of your time and money. Don't be afraid to get creative and try new recipes or ingredients to keep your meals interesting and delicious.""
    }
  ],
  ""summary"": ""By following these steps, you can create a weekly meal plan on a budget that is both delicious and affordable. Remember to stay flexible and adjust your plan as needed to ensure you're staying within your budget and enjoying the meals you prepare.""
}"
Suggest methods for building a consistent reading habit,"{
  ""plan"": {
    ""overview"": ""Building a consistent reading habit requires a combination of setting goals, creating a routine, and making reading a priority. By following these steps, you can develop a lifelong love of reading and improve your mental and emotional well-being."",
    ""rationale"": ""Reading has numerous benefits, including improved vocabulary, increased empathy, and enhanced critical thinking skills. A consistent reading habit can also help reduce stress and improve sleep quality.""
  },
  ""steps"": [
    {
      ""title"": ""Set a Goal"",
      ""detail"": ""Start by setting a specific and achievable goal for your reading habit. This could be to read for 15 minutes each day, or to finish a certain number of books within a set timeframe. Having a clear goal in mind will help you stay motivated and focused.""
    },
    {
      ""title"": ""Create a Schedule"",
      ""detail"": ""Choose a specific time and place to read each day, and stick to it. This could be first thing in the morning, during your lunch break, or before bed. Consistency is key to developing a reading habit, so try to read at the same time every day.""
    },
    {
      ""title"": ""Find Your Favorite Genre"",
      ""detail"": ""Experiment with different genres and authors to find what you enjoy most. Whether it's fiction, non-fiction, mystery, or romance, reading something you love will make it more enjoyable and increase your chances of sticking to your habit.""
    },
    {
      ""title"": ""Get Comfortable"",
      ""detail"": ""Make sure you have a comfortable and distraction-free reading space. This could be a cozy corner of your favorite coffee shop, or a quiet spot in your own home. Invest in a good reading light, and consider using a bookmark or reading app to keep your place.""
    },
    {
      ""title"": ""Track Your Progress"",
      ""detail"": ""Keep track of your reading progress by using a reading log or app. Seeing your progress can be a great motivator, and help you stay on track. You could also share your progress with a friend or family member to increase accountability.""
    }
  ],
  ""summary"": ""Building a consistent reading habit takes time and effort, but the benefits are well worth it. By setting a goal, creating a schedule, finding your favorite genre, getting comfortable, and tracking your progress, you can develop a lifelong love of reading and improve your mental and emotional well-being.""
}"
Describe how to prepare for a job interview,"{
  ""plan"": {
    ""overview"": ""Preparing for a job interview involves several steps to help you feel confident and prepared. This plan outlines the key steps to take to ensure you make a positive impression and showcase your skills and qualifications."",
    ""rationale"": ""A well-prepared interview can make a significant difference in your chances of getting hired. By following this plan, you can demonstrate your enthusiasm and commitment to the role, and increase your chances of success.""
  },
  ""steps"": [
    {
      ""title"": ""Research the Company"",
      ""detail"": ""Start by researching the company's mission, values, products, and services. Look for information on their website, social media, and news articles. This will help you understand their needs and show your interest in the role.""
    },
    {
      ""title"": ""Review the Job Description"",
      ""detail"": ""Carefully review the job description and requirements to understand the skills and qualifications needed for the role. Make a list of the key qualifications and think about specific examples that demonstrate your skills and experience.""
    },
    {
      ""title"": ""Update Your Resume and Online Profiles"",
      ""detail"": ""Make sure your resume and online profiles (such as LinkedIn) are up-to-date and highlight your relevant skills and experience. Consider getting feedback from a career counselor or mentor to help you improve your resume.""
    },
    {
      ""title"": ""Prepare Your Questions"",
      ""detail"": ""Prepare a list of thoughtful questions to ask the interviewer about the company and role. This shows your interest in the position and helps you gather valuable information about the job.""
    },
    {
      ""title"": ""Practice Your Answers"",
      ""detail"": ""Practice answering common interview questions, such as 'Why do you want to work for this company?' or 'What are your strengths and weaknesses?' Prepare specific examples from your experience that demonstrate your skills and qualifications.""
    }
  ],
  ""summary"": ""By following these steps, you can feel confident and prepared for your job interview. Remember to research the company, review the job description, update your resume and online profiles, prepare your questions, and practice your answers. With this plan, you'll be well-equipped to showcase your skills and qualifications and increase your chances of success.""
}"
Explain how to start a small indoor herb garden,"{
  ""plan"": {
    ""overview"": ""Starting a small indoor herb garden is a great way to bring some greenery into your home and have fresh herbs on hand for cooking. With a little planning and care, you can enjoy a thriving and fragrant herb garden all year round."",
    ""rationale"": ""Indoor herb gardens are perfect for small spaces and can be customized to fit your personal preferences and cooking needs. They also provide a sense of accomplishment and connection to nature, even in the midst of a busy urban lifestyle.""
  },
  ""steps"": [
    {
      ""title"": ""Choose the Right Herbs"",
      ""detail"": ""Select a mix of herbs that you use frequently in your cooking, such as basil, mint, cilantro, parsley, and thyme. Consider the amount of sunlight and temperature your indoor space receives when selecting herbs, as some require more light than others.""
    },
    {
      ""title"": ""Prepare the Containers"",
      ""detail"": ""Use small pots or planters with good drainage to prevent waterlogged soil. You can also reuse containers like old tea cups or mason jars. Make sure the containers are clean and have drainage holes to prevent water from accumulating.""
    },
    {
      ""title"": ""Select the Right Soil"",
      ""detail"": ""Use a high-quality potting soil that is specifically designed for indoor plants. Avoid using garden soil from your outdoor garden, as it can compact and prevent proper drainage.""
    },
    {
      ""title"": ""Plant the Herbs"",
      ""detail"": ""Fill the containers with soil, leaving about an inch at the top for watering. Plant the herbs at the same depth as they were in their original pots, and water gently. Make sure the soil is moist but not waterlogged.""
    },
    {
      ""title"": ""Provide the Right Conditions"",
      ""detail"": ""Place the herb containers in a spot with bright, indirect light, such as a windowsill or under grow lights. Keep the soil consistently moist, but not waterlogged. Most herbs prefer daytime temperatures between 65-75°F (18-24°C) and nighttime temperatures around 55-65°F (13-18°C).""
    }
  ],
  ""summary"": ""Starting a small indoor herb garden is a fun and rewarding project that can provide you with fresh herbs all year round. By following these steps and providing the right conditions, you can enjoy a thriving and fragrant herb garden in the comfort of your own home.""
}"
Describe the basic techniques of watercolor painting,"{
  ""plan"": {
    ""overview"": ""In this response, we will explore the basic techniques of watercolor painting, covering the fundamental principles and methods used to create stunning watercolor artworks."",
    ""rationale"": ""Understanding the basic techniques of watercolor painting is essential for any artist looking to master this unique and expressive medium.""
  },
  ""steps"": [
    {
      ""title"": ""Preparation"",
      ""detail"": ""Before starting to paint, it's essential to prepare your watercolor surface. This includes stretching and priming the paper, choosing the right brushes, and selecting the correct watercolor paints.""
    },
    {
      ""title"": ""Wet-on-Wet"",
      ""detail"": ""Wet-on-wet is a fundamental technique in watercolor painting, where wet paint is applied to wet paper. This creates a soft, blended effect and allows for subtle color transitions.""
    },
    {
      ""title"": ""Wet-on-Dry"",
      ""detail"": ""Wet-on-dry is another essential technique, where wet paint is applied to dry paper. This creates crisp, sharp edges and allows for more control over the paint's movement.""
    },
    {
      ""title"": ""Glazing"",
      ""detail"": ""Glazing involves applying multiple layers of transparent paint to achieve deep, rich colors and subtle shifts in tone. This technique requires patience and attention to detail.""
    },
    {
      ""title"": ""Drybrushing"",
      ""detail"": ""Drybrushing involves dragging a almost-dry brush across the paper to create textured, rough effects. This technique is often used to add grass, foliage, or other organic elements to a painting.""
    }
  ],
  ""summary"": ""Mastering the basic techniques of watercolor painting requires practice, patience, and attention to detail. By understanding and applying these fundamental methods, artists can create stunning, expressive works of art that showcase the unique qualities of this versatile medium.""
}"
Explain how to care for a succulent plant,"{
""plan"": {
""overview"": ""Caring for a succulent plant is relatively easy and requires minimal maintenance. By following these steps, you can keep your succulent healthy and thriving."",
""rationale"": ""Succulents are adapted to survive in dry environments with limited water availability, so they are naturally drought-tolerant. However, they still require proper care to stay healthy and look their best.""
},
""steps"": [
{
""title"": ""Provide Good Lighting"",
""detail"": ""Succulents need bright, indirect light to photosynthesize and grow. Place your succulent near a sunny window or use grow lights to provide the necessary light. Avoid direct sunlight, which can cause burning.""
},
{
""title"": ""Water Sparingly"",
""detail"": ""Succulents are prone to root rot if overwatered. Water your succulent sparingly, allowing the soil to dry out completely between waterings. Watering once a week is usually sufficient, but this may vary depending on the humidity and temperature of your environment.""
},
{
""title"": ""Use Well-Draining Soil"",
""detail"": ""Succulents require soil that drains well to prevent waterlogged soil. Use a potting mix specifically designed for cacti and succulents, and avoid using regular potting soil.""
},
{
""title"": ""Fertilize Infrequently"",
""detail"": ""Succulents don't require frequent fertilization. Feed your succulent with a balanced, water-soluble fertilizer during the growing season (spring and summer) and skip fertilizing during the dormant season (fall and winter).""
},
{
""title"": ""Prune and Repot as Needed"",
""detail"": ""Prune your succulent to maintain its shape and encourage new growth. Remove any dead or damaged leaves or stems, and repot your succulent every 1-2 years to provide fresh soil and a larger pot if necessary.""
}
],
""summary"": ""By following these simple steps, you can keep your succulent plant happy and healthy. Remember to provide good lighting, water sparingly, use well-draining soil, fertilize infrequently, and prune and repot as needed.""
}"
Describe how to start learning the guitar as a beginner,"{
""plan"": {
""overview"": ""Starting to learn the guitar as a beginner can be an exciting and rewarding experience. With a clear plan and dedication, you can quickly progress from a complete novice to a confident player. This plan outlines the essential steps to get you started."",
""rationale"": ""Learning the guitar requires a structured approach, starting with the basics and gradually building complexity. By following this plan, you'll develop a strong foundation, improve your technique, and gain confidence in your playing.""
},
""steps"": [
{
""title"": ""Step 1: Get Familiar with the Guitar"",
""detail"": ""Before you start playing, take some time to get comfortable with the guitar's anatomy. Learn the names and functions of the different parts, such as the headstock, fretboard, and strings. Hold the guitar correctly, with the neck at a slight angle and the body resting on your left leg (if you're right-handed). Get used to the feel and weight of the instrument.""
},
{
""title"": ""Step 2: Tune Your Guitar"",
""detail"": ""Tuning is crucial for playing in tune and developing good playing habits. Start with standard tuning (EADGBE) and use a tuner or tune by ear. Practice tuning regularly to develop your ear and improve your playing. You can find many online resources and apps to help you with tuning.""
},
{
""title"": ""Step 3: Learn Basic Chords"",
""detail"": ""Chords are the foundation of guitar playing. Start with simple chords like A, C, D, E, and G. Practice changing between chords smoothly and in time with a metronome. Focus on finger placement, finger independence, and using the correct fingers for each chord. You can find many online resources and tutorials to help you learn chords.""
},
{
""title"": ""Step 4: Practice Strumming and Picking"",
""detail"": ""Develop your strumming and picking techniques by practicing with a metronome. Start with a simple down-up strumming pattern and gradually add complexity. Experiment with different picking patterns, such as fingerpicking or using a pick. Practice with a slow tempo and gradually increase the speed.""
},
{
""title"": ""Step 5: Learn Basic Songs"",
""detail"": ""Once you've mastered basic chords and strumming, it's time to learn simple songs. Start with songs that use the chords you've learned and gradually move on to more complex songs. Practice playing along with recordings or backing tracks to develop your timing and rhythm.""
}
],
""summary"": ""By following these steps, you'll be well on your way to becoming a confident guitar player. Remember to practice regularly, be patient, and have fun! With dedication and persistence, you'll be playing your favorite songs in no time.""
}"
Explain the basic rules and moves of chess,"{
  ""plan"": {
    ""overview"": ""In this response, we will outline the basic rules and moves of chess, a popular strategy board game. We will cover the setup, objective, and basic movements of the pieces."",
    ""rationale"": ""Understanding the rules and moves of chess is essential for beginners and experienced players alike. This response will provide a comprehensive overview of the game, allowing readers to start playing and improving their skills.""
  },
  ""steps"": [
    {
      ""title"": ""Setup and Objective"",
      ""detail"": ""The game of chess starts with the setup of the board, where each player has 16 pieces: one king, one queen, two rooks, two knights, two bishops, and eight pawns. The objective of the game is to checkmate the opponent's king, which means the king is under attack and cannot escape capture.""
    },
    {
      ""title"": ""Piece Movements"",
      ""detail"": ""Each piece has its unique way of moving around the board. The king can move one square in any direction (horizontally, vertically, or diagonally). The queen is the most powerful piece, able to move any number of squares in any direction. The rook can move horizontally or vertically any number of squares. The bishop can move diagonally any number of squares. The knight moves in an L-shape (two squares in one direction, then one square to the side). The pawn can move forward one square, but captures diagonally one square.""
    },
    {
      ""title"": ""Special Moves"",
      ""detail"": ""There are several special moves in chess: castling, en passant, and promotion. Castling allows the king to move three squares towards a rook, while the rook moves to the square the king crossed. En passant allows a pawn to capture an opponent's pawn as if it had moved two squares. Promotion occurs when a pawn reaches the opponent's end of the board and can be exchanged for any piece (except a king).""
    },
    {
      ""title"": ""Check and Checkmate"",
      ""detail"": ""Check occurs when a player's king is under attack, but not necessarily in a position to be captured. Checkmate occurs when a player's king is under attack and cannot escape capture. A player can avoid checkmate by moving their king to a safe square or blocking the check with one of their pieces.""
    },
    {
      ""title"": ""Draw"",
      ""detail"": ""A game can end in a draw if both players agree to end the game, or if the same position occurs three times, including the initial setup. A draw can also occur if the king is not in check and there are no possible moves left for either player.""
    }
  ],
  ""summary"": ""In conclusion, chess is a game of strategy and skill, requiring players to understand the rules and moves of the pieces. By following the basic rules and moves outlined above, players can start playing and improving their skills. Remember to pay attention to check and checkmate, as well as special moves like castling and promotion. With practice and patience, players can become proficient in the game of chess.""
}"
Describe how rainbows form after a storm,"{
  ""plan"": {
    ""overview"": ""Rainbows are breathtaking natural wonders that appear in the sky after a storm, formed by the refraction and dispersion of sunlight through water droplets in the air."",
    ""rationale"": ""Understanding the science behind rainbows can help us appreciate their beauty and significance.""
  },
  ""steps"": [
    {
      ""title"": ""Step 1: Stormy Weather"",
      ""detail"": ""Rainbows typically appear after a storm, when the air is filled with water droplets. These droplets can come from various sources, such as rain, mist, or even the spray from a waterfall.""
    },
    {
      ""title"": ""Step 2: Sunlight Enters the Atmosphere"",
      ""detail"": ""As the sun shines through the water droplets, it encounters the tiny surfaces of the droplets. This interaction causes the light to bend, or refract, and split into its individual colors.""
    },
    {
      ""title"": ""Step 3: Refraction and Dispersion"",
      ""detail"": ""The refracted and dispersed light is then bent again as it exits the water droplet, creating a range of colors that spread out over the sky. This is known as dispersion, and it's the same principle that causes a prism to separate white light into its component colors.""
    },
    {
      ""title"": ""Step 4: Angle of the Sun and Observer"",
      ""detail"": ""For a rainbow to be visible, the sun must be behind the observer, and the water droplets must be in front of them. The angle at which the sun's rays enter the water droplets is critical, as it determines the position and shape of the rainbow in the sky.""
    },
    {
      ""title"": ""Step 5: The Rainbow Appears"",
      ""detail"": ""As the refracted and dispersed light reaches the observer's eyes, it appears as a colorful arc or band in the sky, typically with the colors of the rainbow appearing in the order of red, orange, yellow, green, blue, indigo, and violet.""
    }
  ],
  ""summary"": ""Rainbows are a stunning display of natural beauty, formed by the complex interplay of sunlight, water droplets, and atmospheric conditions. By understanding the science behind rainbows, we can appreciate the intricate details that come together to create this breathtaking phenomenon.""
}"
Explain why the sky appears blue during the day,"{
""plan"": {
""overview"": ""Understanding the color of the sky"",
""rationale"": ""Explaining the scattering of light by the Earth's atmosphere""
},
""steps"": [
{
""title"": ""Step 1: Introduction to Light"",
""detail"": ""Light is a form of electromagnetic radiation with different wavelengths. The visible spectrum of light includes colors such as red, orange, yellow, green, blue, indigo, and violet.""
},
{
""title"": ""Step 2: The Earth's Atmosphere"",
""detail"": ""The Earth's atmosphere is composed of different gases, primarily nitrogen (78%) and oxygen (21%). The atmosphere scatters light in all directions, but the amount of scattering depends on the wavelength of the light.""
},
{
""title"": ""Step 3: Rayleigh Scattering"",
""detail"": ""Rayleigh scattering is the scattering of light by small particles, such as molecules of gases in the atmosphere. This type of scattering is more pronounced for shorter wavelengths, such as blue and violet light, than for longer wavelengths, such as red and orange light.""
},
{
""title"": ""Step 4: Mie Scattering"",
""detail"": ""Mie scattering is the scattering of light by larger particles, such as dust, water droplets, and pollen. This type of scattering affects longer wavelengths, such as red and orange light, more than shorter wavelengths, such as blue and violet light.""
},
{
""title"": ""Step 5: The Combination of Scattering"",
""detail"": ""The combination of Rayleigh and Mie scattering in the Earth's atmosphere results in the scattering of shorter wavelengths, such as blue and violet light, more than longer wavelengths, such as red and orange light. This is why the sky appears blue during the day.""
}
],
""summary"": ""The sky appears blue during the day due to the combination of Rayleigh and Mie scattering in the Earth's atmosphere. The shorter wavelengths of light, such as blue and violet, are scattered more than the longer wavelengths, such as red and orange, resulting in the blue color we see in the sky.""
}"
Describe the life cycle of a butterfly,"{
  ""plan"": {
    ""overview"": ""The life cycle of a butterfly is a complex and fascinating process that involves four distinct stages: egg, larva, pupa, and adult. This plan will guide you through each stage, highlighting the key events and transformations that occur."",
    ""rationale"": ""Understanding the life cycle of a butterfly is essential for appreciating the incredible journey that these creatures undertake from birth to adulthood.""
  },
  ""steps"": [
    {
      ""title"": ""Stage 1: Egg"",
      ""detail"": ""Female butterflies lay their eggs on leaves or stems of plants that will provide food for the caterpillars when they hatch. The eggs are usually small, ranging from 0.1 to 1.5 mm in diameter, and are often yellow, green, or white in color. The female butterfly can lay anywhere from a few dozen to several hundred eggs at a time.""
    },
    {
      ""title"": ""Stage 2: Larva (Caterpillar)"",
      ""detail"": ""After hatching, the caterpillar emerges from the egg and begins to feed on the surrounding plant material. As it grows, the caterpillar molts several times, shedding its skin to accommodate its increasing size. During this stage, the caterpillar is vulnerable to predators and environmental factors, such as drought or extreme temperatures.""
    },
    {
      ""title"": ""Stage 3: Pupa (Chrysalis)"",
      ""detail"": ""When the caterpillar has reached its full size, it will attach itself to a leaf or branch and form a chrysalis. Inside the chrysalis, the caterpillar undergoes a dramatic transformation, as its body breaks down and is reorganized into the adult butterfly form. This process can take anywhere from a few weeks to several months, depending on the species and environmental conditions.""
    },
    {
      ""title"": ""Stage 4: Adult"",
      ""detail"": ""After emerging from the chrysalis, the adult butterfly will pump fluid through its wings to expand them and dry them out. Once its wings are fully expanded and dry, the butterfly is ready to fly and begin the next generation. Adult butterflies feed on nectar and other sugary substances, and they play a crucial role in pollination and seed dispersal.""
    },
    {
      ""title"": ""Mating and Reproduction"",
      ""detail"": ""Adult butterflies will mate with other butterflies of the same species, and the female will lay eggs to start the cycle over again. Males will often engage in courtship displays to attract females, and females will choose a mate based on factors such as the male's coloration, size, and agility.""
    }
  ],
  ""summary"": ""The life cycle of a butterfly is a remarkable and complex process that involves four distinct stages: egg, larva, pupa, and adult. From the tiny egg to the majestic adult butterfly, each stage is crucial for the survival and success of the species. By understanding the life cycle of a butterfly, we can appreciate the incredible journey that these creatures undertake from birth to adulthood.""
}"
Explain how ocean tides are affected by the moon,"{
  ""plan"": {
    ""overview"": ""This plan will explain how ocean tides are affected by the moon, covering the fundamental principles and key concepts."",
    ""rationale"": ""Understanding the relationship between the moon and ocean tides is crucial for appreciating the complex dynamics of our planet's oceans.""
  },
  ""steps"": [
    {
      ""title"": ""The Moon's Gravitational Pull"",
      ""detail"": ""The moon's gravitational pull has a profound impact on the Earth's oceans. As the moon orbits the Earth, it exerts a force on the ocean's water, causing it to bulge out in two areas: one on the side of the Earth facing the moon and the other on the opposite side.""
    },
    {
      ""title"": ""Tidal Bulges"",
      ""detail"": ""The two tidal bulges created by the moon's gravitational pull result in the rise and fall of the sea level, which we experience as ocean tides. The combined effect of the two bulges is what gives rise to the daily tidal cycle.""
    },
    {
      ""title"": ""Sun's Gravitational Influence"",
      ""detail"": ""The sun also has a gravitational effect on the Earth's oceans, although it is much weaker than the moon's. However, when the sun and moon are aligned (at new moon or full moon), their gravitational forces work together to create even higher high tides and lower low tides, known as spring tides.""
    },
    {
      ""title"": ""Opposition and Syzygy"",
      ""detail"": ""When the sun and moon are on opposite sides of the Earth (at quarter moon), their gravitational forces cancel each other out, resulting in neap tides. This phenomenon is known as opposition, and it occurs when the Earth, moon, and sun are aligned in a straight line, a configuration known as syzygy.""
    },
    {
      ""title"": ""Other Factors Affecting Tides"",
      ""detail"": ""While the moon's gravitational pull is the primary driver of ocean tides, other factors such as wind, atmospheric pressure, and ocean currents can also influence the tides. These secondary factors can cause variations in the tidal patterns and make them more complex.""
    }
  ],
  ""summary"": ""In conclusion, the moon's gravitational pull is the primary driver of ocean tides, causing the rise and fall of the sea level. The combined effect of the moon's and sun's gravitational forces, as well as other secondary factors, results in the complex and dynamic tidal patterns we experience.""
}"
Describe the main layers of Earth's atmosphere,"{
  ""plan"": {
    ""overview"": ""In this response, we will outline the main layers of Earth's atmosphere, providing a clear understanding of the structure and composition of our planet's gaseous envelope."",
    ""rationale"": ""Understanding the layers of the atmosphere is crucial for grasping various atmospheric phenomena, such as weather patterns, climate change, and the impact of human activities on the environment.""
  },
  ""steps"": [
    {
      ""title"": ""Step 1: Introduction to the Atmosphere"",
      ""detail"": ""The Earth's atmosphere is a layer of gases that surrounds our planet, extending from the surface up to about 10,000 km (6,200 miles) into space. It is composed of different gases, primarily nitrogen (78%) and oxygen (21%), with trace amounts of other gases.""
    },
    {
      ""title"": ""Step 2: The Troposphere"",
      ""detail"": ""The troposphere is the lowest layer of the atmosphere, extending from the surface up to about 12 km (7.5 miles) high. This layer is home to most of the Earth's weather, including clouds, precipitation, and wind patterns. The temperature in the troposphere decreases with altitude, and the air is dense and humid.""
    },
    {
      ""title"": ""Step 3: The Stratosphere"",
      ""detail"": ""The stratosphere is the next layer above the troposphere, extending from about 12 km to 50 km (31 miles) high. This layer is characterized by a stable temperature profile, with the temperature increasing with altitude. The stratosphere is also home to the ozone layer, which absorbs harmful ultraviolet radiation from the sun.""
    },
    {
      ""title"": ""Step 4: The Mesosphere"",
      ""detail"": ""The mesosphere is the layer above the stratosphere, extending from about 50 km to 80 km (50 miles) high. This layer is characterized by a decrease in temperature with altitude, and it is home to many meteoroids that burn up upon entering the atmosphere.""
    },
    {
      ""title"": ""Step 5: The Thermosphere and Exosphere"",
      ""detail"": ""The thermosphere and exosphere are the uppermost layers of the atmosphere, extending from about 80 km to 10,000 km (620 miles) high. These layers are characterized by a significant increase in temperature with altitude, due to the absorption of solar radiation. The thermosphere is also home to the ionosphere, which reflects radio waves and enables long-distance communication.""
    }
  ],
  ""summary"": ""In conclusion, the Earth's atmosphere is composed of several distinct layers, each with its own unique characteristics and functions. Understanding these layers is essential for grasping various atmospheric phenomena and the impact of human activities on the environment.""
}"
Explain how to fold a fitted bed sheet neatly,"{
  ""plan"": {
    ""overview"": ""Folding a fitted bed sheet can be a bit tricky, but with the right technique, you can achieve a neat and compact fold. This plan will guide you through the process step by step."",
    ""rationale"": ""Folding a fitted bed sheet is important for keeping your bedroom tidy and organized. A neatly folded fitted sheet can also help prevent wrinkles and creases, making it easier to put on and take off your bed.""
  },
  ""steps"": [
    {
      ""title"": ""Step 1: Hold the fitted sheet correctly"",
      ""detail"": ""Hold the fitted sheet with the corners facing upwards and the elastic edges facing towards you. Make sure the sheet is smooth and flat, with no wrinkles or creases.""
    },
    {
      ""title"": ""Step 2: Fold the top edge"",
      ""detail"": ""Fold the top edge of the sheet down towards the bottom edge, creating a straight line. This will help you find the center of the sheet and make it easier to fold.""
    },
    {
      ""title"": ""Step 3: Fold the sides"",
      ""detail"": ""Fold the left and right sides of the sheet towards the center, making sure the edges are aligned and the corners are squared. You should now have a compact, rectangular shape starting to form.""
    },
    {
      ""title"": ""Step 4: Fold the bottom edge"",
      ""detail"": ""Fold the bottom edge of the sheet up towards the top edge, making sure it is even with the other three edges. This will help you create a neat and compact fold.""
    },
    {
      ""title"": ""Step 5: Fold the corners"",
      ""detail"": ""Fold the top layer of the sheet back, creating a triangle shape. Tuck the triangle under the rest of the sheet, making sure the edges are aligned and the corners are squared. You should now have a neat and compact fold.""
    }
  ],
  ""summary"": ""By following these steps, you should be able to fold a fitted bed sheet neatly and compactly. Remember to smooth out any wrinkles or creases as you go, and take your time to ensure a precise fold. With practice, you'll be able to fold a fitted sheet like a pro!""
}"
Describe how to properly polish leather shoes,"{
  ""plan"": {
    ""overview"": ""Polishing leather shoes requires some effort and attention to detail, but with the right techniques and materials, you can achieve a high-gloss finish that will make your shoes look like new."",
    ""rationale"": ""Proper polishing not only enhances the appearance of your shoes but also helps to protect the leather from wear and tear, and prevents cracking and fading.""
  },
  ""steps"": [
    {
      ""title"": ""Gather necessary materials"",
      ""detail"": ""You will need a soft, clean cloth, a leather polish or conditioner, a leather brush, and a clean water source. It's also a good idea to have a shoe tree or stuffing to help maintain the shape of your shoes while you work on them.""
    },
    {
      ""title"": ""Remove dirt and debris"",
      ""detail"": ""Use a soft-bristled brush or a clean cloth to gently remove any dirt, dust, or debris from the surface of the leather. This will help the polish adhere better and prevent scratches.""
    },
    {
      ""title"": ""Apply a small amount of polish"",
      ""detail"": ""Using a clean cloth, apply a small amount of polish to a small, inconspicuous area of the leather. Rub the polish in gently with your finger or a soft cloth, working in a circular motion. This will help you determine the correct amount of polish to use and ensure that it doesn't leave any residue.""
    },
    {
      ""title"": ""Apply polish to the entire shoe"",
      ""detail"": ""Using the same cloth and polish, apply a small amount to the entire shoe, working in sections. Rub the polish in gently with your finger or a soft cloth, working in a circular motion. Make sure to cover the entire surface of the leather, but avoid applying too much polish, as this can leave a sticky residue.""
    },
    {
      ""title"": ""Buff the shoe to a high shine"",
      ""detail"": ""Using a clean, soft cloth, buff the shoe in a circular motion to remove any excess polish and create a high-gloss finish. You may need to repeat this process several times to achieve the desired level of shine.""
    }
  ],
  ""summary"": ""By following these steps, you can properly polish your leather shoes and achieve a high-gloss finish that will make them look like new. Remember to work slowly and gently, and to test the polish on a small, inconspicuous area before applying it to the entire shoe.""
}"
Explain how to change a car tire safely,"{
""plan"": {
""overview"": ""Changing a car tire can seem like a daunting task, but with the right steps and precautions, it can be done safely and efficiently. This plan outlines the necessary steps to change a car tire, ensuring your safety and the safety of others."",
""rationale"": ""Changing a car tire requires attention to detail, physical effort, and a clear understanding of the process. By following this plan, you can minimize the risk of injury or accident and ensure a successful tire change.""
},
""steps"": [
{
""title"": ""Prepare the Scene"",
""detail"": ""Before starting the tire change, find a safe location to change the tire, away from traffic and any hazards. Turn off the engine and engage the parking brake. Put the transmission in park (automatic) or first gear (manual). Turn on the hazard lights to alert other drivers. Put on gloves and safety glasses to protect yourself from sharp objects and debris.""
},
{
""title"": ""Gather Equipment"",
""detail"": ""Collect the necessary tools and equipment: lug wrench, spare tire, and car jack. Make sure the lug wrench is the correct size for your vehicle's lug nuts. If you're not sure, consult your owner's manual or the manufacturer's website.""
},
{
""title"": ""Loosen the Lug Nuts"",
""detail"": ""Before raising the vehicle, loosen the lug nuts on the flat tire with the lug wrench. Turn them counterclockwise until they're loose, but do not remove them yet. This will make it easier to remove the tire once the vehicle is raised.""
},
{
""title"": ""Raise the Vehicle"",
""detail"": ""Position the jack under the vehicle's frame and raise it until the flat tire is off the ground. Make sure the jack is stable and sturdy. Use jack stands for added safety and support.""
},
{
""title"": ""Remove the Lug Nuts and Flat Tire"",
""detail"": ""Now that the vehicle is raised, you can remove the lug nuts completely and take off the flat tire. Place the lug nuts in a safe location where they won't get lost. Carefully pull the flat tire straight off the wheel hub and set it aside.""
}
],
""summary"": ""Changing a car tire requires attention to detail, physical effort, and a clear understanding of the process. By following these steps, you can minimize the risk of injury or accident and ensure a successful tire change. Remember to stay calm, work slowly, and take your time. If you're not comfortable changing a tire, consider seeking assistance from a professional mechanic or roadside assistance service.""
}"
Describe how to hang a picture frame evenly on a wall,"{
  ""plan"": {
    ""overview"": ""Hanging a picture frame evenly on a wall requires some planning and attention to detail. This plan will guide you through the process step by step."",
    ""rationale"": ""A well-placed picture frame can greatly enhance the aesthetic appeal of a room, but a poorly hung frame can be distracting and unappealing. By following these steps, you can ensure that your picture frame is hung evenly and professionally.""
  },
  ""steps"": [
    {
      ""title"": ""Measure the Wall"",
      ""detail"": ""Start by measuring the width of the wall where you want to hang the picture frame. Make a note of the measurement to refer to later.""
    },
    {
      ""title"": ""Measure the Frame"",
      ""detail"": ""Measure the width of the picture frame to determine the center point. This will help you determine the exact spot to hang the frame.""
    },
    {
      ""title"": ""Mark the Wall"",
      ""detail"": ""Using a pencil, mark the wall at the center point you calculated earlier. This will serve as a guide for hanging the frame.""
    },
    {
      ""title"": ""Hang the Frame"",
      ""detail"": ""Using a level and a hammer, hang the picture frame on the mark you made earlier. Make sure the frame is level and plumb.""
    },
    {
      ""title"": ""Adjust as Needed"",
      ""detail"": ""Step back and evaluate the frame's position. If necessary, adjust the frame slightly to ensure it is perfectly level and evenly spaced from the surrounding decor.""
    }
  ],
  ""summary"": ""By following these steps, you can hang your picture frame evenly and professionally, adding a touch of elegance to your room's decor.""
}"
Explain how to make a paper airplane that flies far,"{
  ""plan"": {
    ""overview"": ""Creating a paper airplane that flies far requires a combination of design, folding, and throwing techniques. This plan will guide you through the process of making a basic paper airplane that can fly a significant distance."",
    ""rationale"": ""A well-designed paper airplane with the right balance of weight, lift, and thrust can achieve impressive distances. By following this plan, you'll learn how to create a plane with a stable flight path and sufficient aerodynamics to soar through the air.""
  },
  ""steps"": [
    {
      ""title"": ""Step 1: Choose the Right Paper"",
      ""detail"": ""Select a square piece of paper with a minimum size of 8.5 x 11 inches (21.5 x 28 cm). You can use any type of paper, but heavier paper (such as construction paper or cardstock) will generally produce better results.""
    },
    {
      ""title"": ""Step 2: Fold the Paper in Half"",
      ""detail"": ""Fold the paper in half diagonally to create a crease in the middle. This will help you find the center of the paper and create a symmetrical design.""
    },
    {
      ""title"": ""Step 3: Create the Wing Folds"",
      ""detail"": ""Open the paper and fold the top left and right corners down so that they meet the middle crease. The folds should be symmetrical and about 1 inch (2.5 cm) deep.""
    },
    {
      ""title"": ""Step 4: Create the Tail Fold"",
      ""detail"": ""Fold the bottom corner of the paper up so that it meets the middle crease. This fold should be about 0.5 inches (1.3 cm) deep.""
    },
    {
      ""title"": ""Step 5: Assemble the Plane"",
      ""detail"": ""Your paper airplane should now have a distinctive shape with two wings and a tail. Gently pull the wings and tail to ensure they are even and symmetrical. Make any necessary adjustments to the folds to achieve a smooth, aerodynamic shape.""
    }
  ],
  ""summary"": ""By following these steps, you should be able to create a basic paper airplane that can fly a significant distance. To throw the plane, hold it by the middle crease and gently toss it forward with a smooth, underhand motion. Aim for a slight upward trajectory to give the plane enough lift to soar through the air. With practice, you can refine your design and throwing technique to achieve even greater distances.""
}"
