question,answer
Write a recipe for baking chocolate chip cookies,"{
  ""plan"": {
    ""overview"": ""A classic recipe for baking delicious chocolate chip cookies"",
    ""rationale"": ""This recipe uses a combination of white and brown sugar to create a rich, chewy texture, and semi-sweet chocolate chips for a burst of flavor""
  },
  ""steps"": [
    {
      ""title"": ""Preheat the oven"",
      ""detail"": ""Preheat the oven to 375°F (190°C). Line a baking sheet with parchment paper or a silicone mat""
    },
    {
      ""title"": ""Whisk together dry ingredients"",
      ""detail"": ""In a medium-sized bowl, whisk together 2 1/4 cups of all-purpose flour, 1 tsp of baking soda, and 1 tsp of salt""
    },
    {
      ""title"": ""Cream together butter and sugars"",
      ""detail"": ""In a large bowl, cream together 1 cup of unsalted butter (at room temperature) and 3/4 cup of white granulated sugar until light and fluffy. Add 1/2 cup of brown sugar and continue to cream until well combined""
    },
    {
      ""title"": ""Add eggs and vanilla"",
      ""detail"": ""Beat in 2 large eggs and 1 tsp of pure vanilla extract until well combined""
    },
    {
      ""title"": ""Combine wet and dry ingredients, then stir in chocolate chips"",
      ""detail"": ""Gradually add the dry ingredients to the wet ingredients and mix until just combined. Stir in 2 cups of semi-sweet chocolate chips""
    }
  ],
  ""summary"": ""Bake for 10-12 minutes or until the edges are lightly golden. Remove from the oven and let cool on the baking sheet for 5 minutes before transferring to a wire rack to cool completely""
}"
Describe how to brew a cup of pour-over coffee,"{
  ""plan"": {
    ""overview"": ""Brewing a cup of pour-over coffee is a simple and rewarding process that requires minimal equipment and a bit of patience. With these steps, you'll be able to create a delicious and flavorful cup of coffee."",
    ""rationale"": ""Pour-over coffee is a popular brewing method because it allows for a high degree of control over the brewing process, resulting in a more nuanced and customizable cup of coffee.""
  },
  ""steps"": [
    {
      ""title"": ""Step 1: Prepare Your Equipment"",
      ""detail"": ""Start by gathering your equipment: a pour-over dripper, a coffee filter, a cup or carafe, and a kettle. Rinse the pour-over dripper and filter with hot water to ensure they're clean and free of any residual flavors.""
    },
    {
      ""title"": ""Step 2: Measure and Grind Your Coffee"",
      ""detail"": ""Measure out the right amount of coffee for your pour-over. A general rule of thumb is to use 1 tablespoon of coffee for every 6 ounces of water. Grind the coffee beans to a medium-coarse grind, as this will allow for the best extraction during brewing.""
    },
    {
      ""title"": ""Step 3: Heat Your Water"",
      ""detail"": ""Heat water to the ideal temperature for brewing coffee, which is between 195°F and 205°F. Use a thermometer to ensure the water has reached the correct temperature.""
    },
    {
      ""title"": ""Step 4: Pour the Water"",
      ""detail"": ""Pour the heated water over the coffee grounds in the pour-over dripper. Start by pouring a small amount of water, just enough to saturate the grounds, and then pour the rest of the water in a circular motion to evenly saturate all of the grounds.""
    },
    {
      ""title"": ""Step 5: Wait and Enjoy"",
      ""detail"": ""Allow the coffee to drip through the filter for 3-4 minutes, depending on the coarseness of the grind and the desired strength of the coffee. Once the coffee has finished dripping, remove the filter and pour the coffee into your cup or carafe. Enjoy your freshly brewed pour-over coffee!""
    }
  ],
  ""summary"": ""With these simple steps, you'll be able to brew a delicious and flavorful cup of pour-over coffee. Remember to experiment with different coffee-to-water ratios, grind sizes, and brewing times to find your perfect cup.""
}"
Explain how to make homemade pizza dough,"{
  ""plan"": {
    ""overview"": ""Making homemade pizza dough is a simple and rewarding process that requires only a few ingredients and some basic kitchen equipment. With this plan, you'll learn how to create a delicious and authentic Italian-style pizza dough from scratch."",
    ""rationale"": ""Making homemade pizza dough allows you to control the ingredients, texture, and flavor of your pizza crust, giving you a more personalized and satisfying pizza experience. Plus, it's a fun and creative activity that can be enjoyed with family and friends.""
  },
  ""steps"": [
    {
      ""title"": ""Step 1: Gather Ingredients and Equipment"",
      ""detail"": ""To make homemade pizza dough, you'll need the following ingredients: 2 cups of warm water, 2 teaspoons of active dry yeast, 3 tablespoons of olive oil, 1 teaspoon of salt, and 4 cups of all-purpose flour. You'll also need a large mixing bowl, a wooden spoon or stand mixer, and a lightly floured surface for kneading.""
    },
    {
      ""title"": ""Step 2: Activate the Yeast"",
      ""detail"": ""In the large mixing bowl, combine the warm water and yeast. Let it sit for 5-10 minutes, or until the yeast becomes frothy and bubbly. This step is called 'proofing' the yeast and it ensures that your yeast is active and will help your dough rise.""
    },
    {
      ""title"": ""Step 3: Mix the Dough"",
      ""detail"": ""Add the olive oil, salt, and 2 cups of flour to the bowl with the yeast mixture. Mix the ingredients together until a shaggy dough forms. Gradually add the remaining 2 cups of flour, one cup at a time, until the dough becomes smooth and elastic. You can use a stand mixer with a dough hook attachment or a wooden spoon to mix the dough.""
    },
    {
      ""title"": ""Step 4: Knead the Dough"",
      ""detail"": ""Turn the dough out onto a lightly floured surface and knead for 5-10 minutes, or until the dough becomes smooth and elastic. You can also use a stand mixer with a dough hook attachment to knead the dough. Kneading helps to develop the gluten in the dough, which gives the crust its chewy texture.""
    },
    {
      ""title"": ""Step 5: Let the Dough Rise"",
      ""detail"": ""Place the dough in a lightly oiled bowl, cover it with plastic wrap or a damp towel, and let it rise in a warm, draft-free place for 1-2 hours, or until it has doubled in size. This step is called 'proofing' the dough and it allows the yeast to ferment and the dough to rise.""
    }
  ],
  ""summary"": ""With these simple steps, you'll be able to make a delicious and authentic Italian-style pizza dough from scratch. Remember to be patient and don't overmix the dough, as this can lead to a tough and dense crust. Happy baking!""
}"
Provide a method for cooking a perfect soft-boiled egg,"{
  ""plan"": {
    ""overview"": ""Cooking a perfect soft-boiled egg requires attention to timing and temperature. This method ensures a runny yolk and a set white."",
    ""rationale"": ""Soft-boiled eggs are a delicate balance of texture and temperature. By following this plan, you'll achieve a perfectly cooked egg every time.""
  },
  ""steps"": [
    {
      ""title"": ""Bring Water to a Boil"",
      ""detail"": ""Fill a saucepan with enough water to cover the egg by about an inch. Place the saucepan over high heat and bring the water to a rolling boil.""
    },
    {
      ""title"": ""Reduce Heat and Add Egg"",
      ""detail"": ""Once the water is boiling, reduce the heat to a simmer (medium-low heat). Gently place the egg into the water and make sure it's fully submerged.""
    },
    {
      ""title"": ""Cook for 6-7 Minutes"",
      ""detail"": ""Cook the egg for 6-7 minutes for a large egg. Adjust the cooking time based on the size of your egg. You can also cook the egg for 5 minutes for a slightly runnier yolk.""
    },
    {
      ""title"": ""Shock the Egg"",
      ""detail"": ""After the cooking time has elapsed, immediately transfer the egg to a bowl of ice water to stop the cooking process. This helps the egg retain its texture and prevents overcooking.""
    },
    {
      ""title"": ""Peel and Serve"",
      ""detail"": ""Once the egg has cooled slightly, crack it gently and peel off the shell. Your perfectly cooked soft-boiled egg is now ready to eat.""
    }
  ],
  ""summary"": ""By following these steps, you'll achieve a perfectly cooked soft-boiled egg with a runny yolk and a set white. Remember to adjust the cooking time based on the size of your egg and to shock the egg in an ice bath to stop the cooking process.""
}"
Describe how to prepare sushi rice at home,"{
  ""plan"": {
    ""overview"": ""Preparing sushi rice at home requires attention to detail and a few simple steps. With the right ingredients and techniques, you can create delicious and authentic-tasting sushi rice in the comfort of your own kitchen."",
    ""rationale"": ""Sushi rice is a crucial component of sushi, and its preparation is a key factor in determining the overall quality of the dish. By following these steps, you can ensure that your sushi rice is cooked to perfection and ready to be paired with your favorite fillings.""
  },
  ""steps"": [
    {
      ""title"": ""Step 1: Rinse the Rice"",
      ""detail"": ""Rinse the Japanese short-grain rice thoroughly in a fine-mesh strainer under cold running water for about 30 seconds to remove any impurities and excess starch. This step is crucial in removing any debris or contaminants that may affect the texture and flavor of the rice.""
    },
    {
      ""title"": ""Step 2: Cook the Rice"",
      ""detail"": ""In a medium saucepan, combine 1 cup of rinsed Japanese short-grain rice with 1 3/4 cups of water. Bring the water to a boil, then reduce the heat to low, cover the saucepan with a tight-fitting lid, and simmer for 18-20 minutes, or until the water has been absorbed and the rice is cooked.""
    },
    {
      ""title"": ""Step 3: Cool the Rice"",
      ""detail"": ""Once the rice is cooked, remove the saucepan from the heat and let it sit, covered, for 5 minutes. This step is important in allowing the rice to steam and become fluffy. After 5 minutes, fluff the rice with a fork to separate the grains and remove any excess moisture.""
    },
    {
      ""title"": ""Step 4: Season the Rice"",
      ""detail"": ""In a small saucepan, combine 1/4 cup of rice vinegar, 2 tablespoons of sugar, and 1 teaspoon of salt. Bring the mixture to a boil over medium heat, then reduce the heat to low and simmer for 5 minutes. Once the seasoning mixture has cooled, pour it over the cooked rice and gently fold the rice with a spatula to combine.""
    },
    {
      ""title"": ""Step 5: Prepare the Rice for Serving"",
      ""detail"": ""Once the rice has been seasoned, transfer it to a serving dish or individual bowls. Use a spatula to shape the rice into a neat and even layer. You can also add any additional ingredients, such as sesame seeds or chopped scallions, to the rice for added flavor and texture.""
    }
  ],
  ""summary"": ""By following these simple steps, you can create delicious and authentic-tasting sushi rice at home. Remember to rinse the rice thoroughly, cook it with the right amount of water, cool it properly, season it with the right balance of vinegar, sugar, and salt, and finally, prepare it for serving with a neat and even layer. With practice and patience, you'll be making sushi rice like a pro in no time!""
}"
Suggest a three-day itinerary for visiting Kyoto Japan,"{
  ""plan"": {
    ""overview"": ""Kyoto, the cultural and spiritual heart of Japan, is a city that seamlessly blends tradition with modernity. This three-day itinerary will take you on a journey through the city's most iconic landmarks, temples, and gardens, giving you a taste of the city's rich history and heritage."",
    ""rationale"": ""Kyoto is a city that is steeped in history and tradition, and this itinerary is designed to give you a comprehensive overview of the city's most important attractions. From the majestic Fushimi Inari Shrine to the serene gardens of the Kinkaku-ji Temple, this itinerary will take you on a journey through the city's most iconic landmarks and hidden gems.""
  },
  ""steps"": [
    {
      ""title"": ""Day 1: Fushimi Inari and Kinkaku-ji"",
      ""detail"": ""Start your day by visiting the Fushimi Inari Shrine, famous for its thousands of vermilion torii gates that form a tunnel up the mountain. From there, head to the Kinkaku-ji Temple, also known as the Golden Pavilion, which is a stunning example of Japanese architecture. End the day by exploring the nearby Gion district, famous for its geisha culture and traditional Japanese restaurants.""
    },
    {
      ""title"": ""Day 2: Arashiyama and Kiyomizu-dera"",
      ""detail"": ""Spend the day exploring the western part of the city, starting with the Arashiyama Bamboo Grove, which is a serene and picturesque spot. From there, head to the Kiyomizu-dera Temple, a UNESCO World Heritage site and one of the most famous temples in Japan. End the day by exploring the nearby Nishiki Market, which is a narrow shopping street lined with over 100 food stalls and shops.""
    },
    {
      ""title"": ""Day 3: Nijo Castle and Ginkaku-ji"",
      ""detail"": ""Spend the morning visiting the Nijo Castle, a UNESCO World Heritage site and former residence of the Tokugawa shoguns. From there, head to the Ginkaku-ji Temple, also known as the Silver Pavilion, which is a beautiful example of Japanese architecture and a peaceful oasis in the heart of the city. End the day by exploring the nearby Philosopher's Path, a scenic walking path that runs along a canal and is lined with cherry blossom trees.""
    },
    {
      ""title"": ""Day 3 (afternoon): Gion and Pontocho"",
      ""detail"": ""Spend the afternoon exploring the Gion district, famous for its geisha culture and traditional Japanese restaurants. Take a stroll down the narrow streets and alleys, and try to spot some geisha or maiko (apprentice geisha) as they go about their daily routines. End the day by exploring the nearby Pontocho district, which is a small alleyway lined with traditional Japanese restaurants and tea houses.""
    },
    {
      ""title"": ""Day 3 (evening): Kaiseki Dinner"",
      ""detail"": ""End your trip with a traditional kaiseki dinner, which is a multi-course meal that focuses on local and seasonal ingredients. This is a unique opportunity to experience the traditional Japanese cuisine and hospitality, and to relax and unwind after a busy few days of sightseeing.""
  }],
  ""summary"": ""This three-day itinerary is designed to give you a comprehensive overview of Kyoto's most important attractions, from the majestic Fushimi Inari Shrine to the serene gardens of the Kinkaku-ji Temple. With a mix of iconic landmarks, hidden gems, and traditional Japanese culture, this itinerary is the perfect way to experience the best of Kyoto.""
}"
Describe the main tourist attractions of Barcelona Spain,"{
  ""plan"": {
    ""overview"": ""Discover the vibrant city of Barcelona, Spain, known for its stunning architecture, rich history, and cultural attractions. This plan will guide you through the main tourist attractions of the city, helping you make the most of your visit."",
    ""rationale"": ""Barcelona is a city that seamlessly blends modernity with tradition, making it a fascinating destination for tourists. From the iconic Sagrada Familia to the bustling La Rambla, this plan will take you on a journey to explore the city's most iconic landmarks and hidden gems.""
  },
  ""steps"": [
    {
      ""title"": ""Explore the Works of Antoni Gaudí"",
      ""detail"": ""Start your journey by visiting the iconic Sagrada Familia, a UNESCO World Heritage Site and one of the most famous landmarks in Barcelona. Take a guided tour to learn about the history and architecture of this magnificent cathedral. Next, visit Park Güell, another iconic Gaudí landmark, which offers stunning views of the city. Don't miss the Casa Batlló, a unique and colorful house that showcases Gaudí's innovative design.""
    },
    {
      ""title"": ""Stroll Through La Rambla and the Gothic Quarter"",
      ""detail"": ""Take a leisurely stroll down La Rambla, a bustling pedestrian street lined with street performers, cafes, and shops. From there, explore the narrow streets of the Gothic Quarter, which is filled with historic buildings, charming squares, and quaint shops. Be sure to visit the iconic Barcelona Cathedral and the Plaça Sant Jaume, the heart of the city's historic center.""
    },
    {
      ""title"": ""Visit the Beach and Barceloneta"",
      ""detail"": ""Barcelona has some of the most beautiful beaches in the Mediterranean. Head to Barceloneta, the city's most popular beach, where you can soak up the sun, take a dip in the sea, or try your hand at water sports. After a day at the beach, enjoy a seafood dinner at one of the many restaurants in the area.""
    },
    {
      ""title"": ""Discover the Picasso Museum and the Born District"",
      ""detail"": ""The Picasso Museum is home to an extensive collection of the artist's works, including some of his most famous pieces. After visiting the museum, explore the charming Born District, which is filled with trendy bars, restaurants, and boutiques. Be sure to visit the iconic Santa Maria del Mar church, a beautiful example of Catalan Gothic architecture.""
    },
    {
      ""title"": ""Visit the Camp Nou Stadium and the Montjuïc Hill"",
      ""detail"": ""For football fans, a visit to the Camp Nou Stadium, home of FC Barcelona, is a must. Take a guided tour of the stadium and learn about the team's history and achievements. After the tour, head to the Montjuïc Hill, which offers stunning views of the city and the harbor. Visit the Montjuïc Castle, a historic fortress that dates back to the 17th century.""
  }],
  ""summary"": ""Barcelona is a city that has something for everyone. From its stunning architecture and rich history to its vibrant beaches and cultural attractions, this plan will help you make the most of your visit. With its unique blend of modernity and tradition, Barcelona is a city that will leave you with unforgettable memories.""
}"
Explain how to plan a backpacking trip across Europe,"{
  ""plan"": {
    ""overview"": ""Planning a backpacking trip across Europe requires careful consideration of several factors, including budget, time constraints, and personal preferences. This plan aims to provide a comprehensive guide to help you prepare for an unforgettable adventure."",
    ""rationale"": ""Backpacking across Europe is an exciting and rewarding experience that allows you to immerse yourself in different cultures, meet new people, and explore historic landmarks. With proper planning, you can minimize stress and maximize your enjoyment.""
  },
  ""steps"": [
    {
      ""title"": ""Research and Planning"",
      ""detail"": ""Start by researching the countries and regions you want to visit, considering factors such as climate, language, and cultural norms. Create a rough itinerary, including transportation, accommodation, and activities. Make a budget and plan for contingencies.""
    },
    {
      ""title"": ""Packing and Equipment"",
      ""detail"": ""Pack light and smart, considering the weather, terrain, and activities you'll be doing. Bring essential items such as comfortable shoes, layers, and a backpack with a rain cover. Don't forget to pack a portable charger, earplugs, and a travel adapter.""
    },
    {
      ""title"": ""Transportation and Accommodation"",
      ""detail"": ""Book your flights, trains, and buses in advance to secure the best rates. Research budget-friendly accommodation options such as hostels, guesthouses, and camping sites. Consider purchasing a Eurail pass or budget airline card for convenient travel.""
    },
    {
      ""title"": ""Visas and Documents"",
      ""detail"": ""Check the visa requirements for each country on your itinerary and apply in advance if necessary. Make photocopies of your important documents, including your passport, ID, and travel insurance. Leave a copy with a trusted friend or family member.""
    },
    {
      ""title"": ""Health and Safety"",
      ""detail"": ""Consult your doctor and ensure you have all necessary vaccinations. Pack a first-aid kit with essentials like pain relievers, antacids, and band-aids. Stay informed about local health concerns, such as water quality and mosquito-borne diseases.""
    }
  ],
  ""summary"": ""By following these steps, you'll be well-prepared for an unforgettable backpacking trip across Europe. Remember to stay flexible, be open-minded, and enjoy the journey!""
}"
Describe the geography of the Scottish Highlands,"{
  ""plan"": {
    ""overview"": ""This plan provides an overview of the geography of the Scottish Highlands, including its unique features, regions, and notable landmarks."",
    ""rationale"": ""Understanding the geography of the Scottish Highlands is essential to appreciating its natural beauty, cultural heritage, and historical significance.""
  },
  ""steps"": [
    {
      ""title"": ""Mountainous Terrain"",
      ""detail"": ""The Scottish Highlands are characterized by rugged and mountainous terrain, with many peaks exceeding 3,000 feet (914 meters). The Cairngorms National Park, the largest national park in the UK, is home to some of the highest mountains in the country, including Ben Macdui, the second-highest peak in the UK.""
    },
    {
      ""title"": ""Glens and Valleys"",
      ""detail"": ""The Highlands are also marked by deep glens and valleys, carved out by ancient rivers and glaciers. The Great Glen, which runs from Inverness to Fort William, is a notable example, and is home to Loch Ness, famous for its legendary monster.""
    },
    {
      ""title"": ""Lochs and Rivers"",
      ""detail"": ""The Highlands are dotted with numerous lochs (lakes) and rivers, many of which are famous for their beauty and recreational opportunities. Loch Lomond, the largest loch in Scotland, is a popular destination for boating and fishing, while the River Tay is known for its salmon fishing.""
    },
    {
      ""title"": ""Islands and Coastline"",
      ""detail"": ""The Scottish Highlands have a long and rugged coastline, with many islands and peninsulas. The Inner Hebrides, including the Isle of Skye and the Isle of Mull, are popular tourist destinations, while the Outer Hebrides, including the Isle of Lewis and the Isle of Harris, are known for their natural beauty and Gaelic culture.""
    },
    {
      ""title"": ""Climate and Weather"",
      ""detail"": ""The Scottish Highlands have a subarctic climate, with cold winters and mild summers. The region is known for its unpredictable weather, with frequent rain and wind, but also occasional clear skies and stunning sunsets.""
    }
  ],
  ""summary"": ""The Scottish Highlands are a unique and breathtaking region, characterized by its rugged mountains, deep glens, and numerous lochs and rivers. From the Cairngorms National Park to the Inner and Outer Hebrides, the Highlands offer a wealth of natural beauty, cultural heritage, and recreational opportunities.""
}"
Suggest activities for a weekend trip to San Francisco,"{
  ""plan"": {
    ""overview"": ""A weekend trip to San Francisco offers a mix of iconic landmarks, vibrant neighborhoods, and stunning natural beauty. This plan provides a suggested itinerary for making the most of your 48-hour adventure in the City by the Bay."",
    ""rationale"": ""San Francisco is a city that seamlessly blends its rich history, cultural attractions, and outdoor activities, making it an ideal destination for a quick getaway. This plan takes into account the city's layout, public transportation options, and popular attractions to ensure a fun and stress-free experience.""
  },
  ""steps"": [
    {
      ""title"": ""Friday Evening: Explore Fisherman's Wharf and Pier 39"",
      ""detail"": ""Start your weekend in San Francisco by heading to Fisherman's Wharf, a bustling waterfront district filled with seafood restaurants, street performers, and souvenir shops. Take a stroll along the pier, visit the famous sea lions at Pier 39, and enjoy the stunning views of the Bay Bridge and Alcatraz Island.""
    },
    {
      ""title"": ""Saturday Morning: Visit the Golden Gate Bridge and Presidio"",
      ""detail"": ""Begin your day by walking or biking across the iconic Golden Gate Bridge, taking in the breathtaking views of the San Francisco Bay and the city skyline. Afterward, head to the Presidio, a former military base turned national park, and explore its scenic trails, historic sites, and stunning views of the Golden Gate Bridge.""
    },
    {
      ""title"": ""Saturday Afternoon: Explore Haight-Ashbury and Golden Gate Park"",
      ""detail"": ""Head to Haight-Ashbury, the epicenter of San Francisco's 1960s counterculture movement, and explore its colorful Victorian homes, vintage shops, and eclectic restaurants. Next, visit Golden Gate Park, a sprawling urban oasis that's home to several museums, gardens, and the Japanese Tea Garden.""
    },
    {
      ""title"": ""Saturday Evening: Enjoy Dinner and Live Music in the Mission District"",
      ""detail"": ""End your day in the vibrant Mission District, known for its Latin American culture, street art, and lively nightlife. Grab dinner at one of the many authentic Mexican restaurants, and then catch a live music performance at the famous Elbo Room or the independent music venue, the Rickshaw Stop.""
    },
    {
      ""title"": ""Sunday Morning: Visit Alcatraz Island and Chinatown"",
      ""detail"": ""Spend your final morning in San Francisco by taking a ferry to Alcatraz Island, the former maximum-security prison turned national park. Afterward, head to Chinatown, one of the largest and oldest in the United States, and explore its colorful streets, bustling markets, and ornate temples.""
    }
  ],
  ""summary"": ""This weekend trip to San Francisco offers a mix of iconic landmarks, cultural attractions, and outdoor activities that showcase the city's unique blend of history, art, and natural beauty. With this plan, you'll experience the best of San Francisco's neighborhoods, landmarks, and attractions, making for a memorable and enjoyable 48-hour adventure.""
}"
Describe a beginner friendly yoga routine for morning practice,"{
  ""plan"": {
    ""overview"": ""This beginner-friendly yoga routine is designed to help you start your day feeling refreshed, focused, and energized. It's a gentle and accessible sequence of poses that will help you build flexibility, strength, and balance."",
    ""rationale"": ""Morning yoga practice can help increase your energy levels, improve your mood, and set a positive tone for the day. This routine is perfect for beginners, as it's easy to follow and doesn't require any prior yoga experience.""
  },
  ""steps"": [
    {
      ""title"": ""Mountain Pose (Tadasana)"",
      ""detail"": ""Stand tall with your feet hip-width apart, arms by your sides, and engage your core. Feel the ground beneath your feet and reach for the ceiling. Hold for 5-10 breaths, feeling the stability and grounding of the pose.""
    },
    {
      ""title"": ""Neck Stretch (Slowly tilt your head to the right)"",
      ""detail"": ""Slowly tilt your head to the right, bringing your ear towards your right shoulder. Hold for 30 seconds and then slowly return to center. Repeat on the left side. This pose helps to relieve tension in the neck and improves flexibility.""
    },
    {
      ""title"": ""Cat-Cow Pose (Marjaryasana-Bitilasana)"",
      ""detail"": ""Start on your hands and knees. Inhale and arch your back, lifting your tailbone and head towards the ceiling (cat pose). Exhale and round your back, tucking your chin towards your chest and your tailbone towards the ground (cow pose). Repeat for 5-10 breaths, moving slowly and smoothly.""
    },
    {
      ""title"": ""Downward-Facing Dog (Adho Mukha Svanasana)"",
      ""detail"": ""From a tabletop position, lift your hips up and back, straightening your arms and legs. Keep your palms and heels grounded. Hold for 5-10 breaths, feeling the stretch in your hamstrings and calves. Engage your core and keep your head in a neutral position.""
    },
    {
      ""title"": ""Child's Pose (Balasana)"",
      ""detail"": ""Kneel on the ground and sit back onto your heels. Stretch your arms out in front of you and lower your forehead to the ground. Hold for 5-10 breaths, feeling the relaxation and release in your body. This pose is a great way to rest and recharge.""
    }
  ],
  ""summary"": ""This beginner-friendly yoga routine is designed to help you start your day feeling refreshed, focused, and energized. By following these 5 steps, you'll be able to build flexibility, strength, and balance, and set a positive tone for the day. Remember to listen to your body and modify or rest when needed. Happy practicing!"" }"
Explain basic stretching exercises for reducing back pain,"{
  ""plan"": {
    ""overview"": ""This plan provides a series of basic stretching exercises to help reduce back pain by improving flexibility and reducing muscle tension. These exercises can be done at home, and it's recommended to do them regularly to see optimal results."",
    ""rationale"": ""Stretching exercises can help alleviate back pain by reducing muscle tension, improving flexibility, and increasing blood flow to the affected areas. By incorporating these exercises into your daily routine, you can experience relief from back pain and improve your overall well-being.""
  },
  ""steps"": [
    {
      ""title"": ""Neck Stretch"",
      ""detail"": ""Slowly tilt your head to the side, bringing your ear towards your shoulder. Hold for 30 seconds and then return to the starting position. Repeat on the other side. This exercise helps to stretch the muscles in the neck and can help alleviate tension that may be contributing to back pain.""
    },
    {
      ""title"": ""Shoulder Rolls"",
      ""detail"": ""Roll your shoulders forward and backward in a circular motion. Repeat for 10-15 repetitions. This exercise helps to loosen and relax the muscles in the shoulders, which can become tense and contribute to back pain.""
    },
    {
      ""title"": ""Chest Stretch"",
      ""detail"": ""Stand in a doorway with your hands on the doorframe at shoulder height. Lean forward until you feel a stretch in your chest and shoulders. Hold for 30 seconds. This exercise helps to stretch the muscles in the chest and shoulders, which can become tight and contribute to back pain.""
    },
    {
      ""title"": ""Cat-Cow Stretch"",
      ""detail"": ""Start on your hands and knees. Arch your back, lifting your tailbone and head towards the ceiling (like a cat). Then, round your back, tucking your chin towards your chest and your tailbone towards the floor (like a cow). Repeat for 10-15 repetitions. This exercise helps to stretch and loosen the muscles in the back and can help alleviate tension and stiffness.""
    },
    {
      ""title"": ""Hamstring Stretch"",
      ""detail"": ""Sit on the floor with your legs straight out in front of you. Lean forward, reaching for your toes, and hold for 30 seconds. This exercise helps to stretch the muscles in the back of the legs, which can become tight and contribute to back pain.""
    }
  ],
  ""summary"": ""By incorporating these basic stretching exercises into your daily routine, you can help reduce back pain and improve your overall flexibility and well-being. Remember to listen to your body and stop if you experience any pain or discomfort. It's also a good idea to consult with a healthcare professional before starting any new exercise program.""
}"
Suggest a healthy breakfast plan for a busy work week,"{
  ""plan"": {
    ""overview"": ""A healthy breakfast plan for a busy work week is designed to provide sustained energy and mental clarity throughout the morning. This plan includes a balanced mix of complex carbohydrates, protein, and healthy fats to keep you full and focused."",
    ""rationale"": ""Starting the day with a nutritious breakfast has been shown to improve cognitive function, boost metabolism, and support weight management. A busy work week requires a breakfast plan that is quick, easy, and adaptable to your schedule.""
  },
  ""steps"": [
    {
      ""title"": ""Step 1: Prepare Overnight Oats"",
      ""detail"": ""Mix 1/2 cup rolled oats, 1/2 cup unsweetened almond milk, and 1 tablespoon chia seeds in a jar or container. Refrigerate overnight and top with fresh berries, nuts, or seeds in the morning.""
    },
    {
      ""title"": ""Step 2: Scramble Eggs with Spinach and Feta"",
      ""detail"": ""Whisk 2 eggs with salt and pepper, then add 1/4 cup chopped fresh spinach and 1 tablespoon crumbled feta cheese. Cook in a non-stick pan over medium heat until eggs are set. Serve with whole-grain toast or a whole-grain English muffin.""
    },
    {
      ""title"": ""Step 3: Avocado Toast with Poached Eggs"",
      ""detail"": "" Toast 1 slice whole-grain bread, then top with mashed 1/2 avocado, 1 poached egg, and a sprinkle of salt and pepper. Add a squeeze of lemon juice for extra flavor.""
    },
    {
      ""title"": ""Step 4: Greek Yogurt Parfait with Granola and Berries"",
      ""detail"": ""Layer 1/2 cup Greek yogurt, 2 tablespoons granola, and 1/2 cup mixed berries (such as blueberries, strawberries, and raspberries) in a bowl. Add a drizzle of honey for sweetness.""
    },
    {
      ""title"": ""Step 5: Smoothie with Banana, Spinach, and Almond Milk"",
      ""detail"": ""Blend 1 frozen banana, 1 cup unsweetened almond milk, 1 handful of fresh spinach, and 1 tablespoon chia seeds in a blender until smooth. Add a scoop of protein powder for an extra boost.""
    }
  ],
  ""summary"": ""This healthy breakfast plan provides a variety of nutrient-dense options to fuel your busy work week. With a mix of complex carbohydrates, protein, and healthy fats, you'll stay full and focused throughout the morning. Feel free to swap out ingredients and interchange recipes to keep your breakfast routine interesting and adaptable to your schedule.""
}"
Describe proper running form for long distance running,"{
  ""plan"": {
    ""overview"": ""Proper running form is essential for efficient and injury-free long distance running. By adopting good form, you can reduce your risk of injury, improve your performance, and enhance your overall running experience."",
    ""rationale"": ""Good running form helps to distribute the impact of each step more evenly, reducing the stress on your joints and muscles. It also allows you to maintain a consistent pace and conserve energy, making it easier to complete longer distances.""
  },
  ""steps"": [
    {
      ""title"": ""Posture and Alignment"",
      ""detail"": ""Maintain a tall, upright posture with your ears, shoulders, hips, and ankles in alignment. This will help to reduce your center of gravity and improve your balance and stability.""
    },
    {
      ""title"": ""Foot Strike and Stride"",
      ""detail"": ""Land midfoot or forefoot instead of heel striking, and aim for a smooth, efficient stride. Try to strike the ground with the ball of your foot, and then roll forward onto your toes.""
    },
    {
      ""title"": ""Cadence and Stride Rate"",
      ""detail"": ""Focus on quick turnover and a high cadence (around 160-170 steps per minute). This will help you to maintain a consistent pace and reduce your risk of overuse injuries.""
    },
    {
      ""title"": ""Arm Swing and Hand Position"",
      ""detail"": ""Keep your arms relaxed and bent at around a 90-degree angle. Your hands should be in a loose fist, with your wrists cocked slightly upward. Avoid crossing your arms over your body or holding them too far away from your body.""
    },
    {
      ""title"": ""Breathing and Core Engagement"",
      ""detail"": ""Practice deep, rhythmic breathing to help you relax and maintain a consistent pace. Engage your core muscles to support your posture and stability, and avoid tensing up or holding your breath.""
    }
  ],
  ""summary"": ""By following these steps and focusing on proper running form, you can improve your efficiency, reduce your risk of injury, and enhance your overall running experience. Remember to practice regularly and listen to your body to adjust your form as needed.""
}"
Explain meditation techniques for reducing stress,"{
  ""plan"": {
    ""overview"": ""Meditation is a powerful tool for reducing stress and promoting overall well-being. By incorporating meditation into your daily routine, you can learn to manage stress and anxiety, improve your focus and concentration, and enhance your overall mental and emotional health."",
    ""rationale"": ""Meditation has been shown to have a positive impact on the body's response to stress, reducing cortisol levels and promoting relaxation. Regular meditation practice can also increase feelings of calm and well-being, improve sleep quality, and enhance cognitive function.""
  },
  ""steps"": [
    {
      ""title"": ""Find a quiet and comfortable space"",
      ""detail"": ""Identify a quiet and comfortable space where you can sit and meditate without distractions. This could be a dedicated meditation room, a peaceful outdoor spot, or even a corner of your home. Make sure you have a comfortable and supportive seat, and consider using a cushion or pillow to support your back.""
    },
    {
      ""title"": ""Choose a meditation technique"",
      ""detail"": ""There are many different meditation techniques to choose from, including mindfulness meditation, loving-kindness meditation, and transcendental meditation. Experiment with different techniques to find what works best for you. You can also try guided meditations, which can be a great way to get started.""
    },
    {
      ""title"": ""Focus on your breath"",
      ""detail"": ""One of the most common meditation techniques is to focus on your breath. Sit comfortably and bring your attention to your breath, feeling the sensation of the air moving in and out of your nostrils. When your mind wanders, gently bring it back to your breath without judgment.""
    },
    {
      ""title"": ""Practice regularly"",
      ""detail"": ""Consistency is key when it comes to meditation. Try to set aside a regular time each day to meditate, even if it's just 5-10 minutes. You can start with a daily meditation practice and gradually increase the duration as you become more comfortable with the technique.""
    },
    {
      ""title"": ""Be patient and kind to yourself"",
      ""detail"": ""Remember that meditation is a practice, and it's okay if your mind wanders. Don't get frustrated or discouraged if you find it difficult to focus – simply acknowledge the thought and gently bring your attention back to your breath. Be patient and kind to yourself as you develop your meditation practice.""
    }
  ],
  ""summary"": ""By following these steps and incorporating meditation into your daily routine, you can reduce stress and anxiety, improve your focus and concentration, and enhance your overall mental and emotional health. Remember to be patient and kind to yourself as you develop your practice, and don't be afraid to experiment with different techniques to find what works best for you.""
}"
Explain how photosynthesis works in plants,"{
  ""plan"": {
    ""overview"": ""Photosynthesis is the process by which plants, algae, and some bacteria convert light energy from the sun into chemical energy in the form of glucose. This process is essential for plant growth and development, and ultimately supports life on Earth."",
    ""rationale"": ""Understanding photosynthesis is crucial for appreciating the fundamental role of plants in the ecosystem and the impact of environmental factors on plant growth and productivity.""
  },
  ""steps"": [
    {
      ""title"": ""Step 1: Light Absorption"",
      ""detail"": ""Plants absorb light energy from the sun through pigments such as chlorophyll and other accessory pigments. Chlorophyll a is the most important pigment, responsible for absorbing blue and red light, while chlorophyll b absorbs blue light.""
    },
    {
      ""title"": ""Step 2: Water Absorption"",
      ""detail"": ""Plants absorb water from the soil through their roots. This water is transported to the leaves, where it is used in the photosynthetic process.""
    },
    {
      ""title"": ""Step 3: Carbon Dioxide Absorption"",
      ""detail"": ""Plants absorb carbon dioxide from the air through small openings on their leaves called stomata. This carbon dioxide is used to synthesize glucose.""
    },
    {
      ""title"": ""Step 4: Light-Dependent Reactions"",
      ""detail"": ""Light energy is used to convert water and carbon dioxide into ATP and NADPH. This process occurs in the thylakoid membranes of the chloroplast and is known as the light-dependent reaction.""
    },
    {
      ""title"": ""Step 5: Light-Independent Reactions"",
      ""detail"": ""The ATP and NADPH produced in the light-dependent reaction are used to convert carbon dioxide into glucose through a series of chemical reactions. This process occurs in the stroma of the chloroplast and is known as the light-independent reaction or Calvin cycle.""
    }
  ],
  ""summary"": ""In summary, photosynthesis is a complex process that involves the absorption of light energy, water, and carbon dioxide, followed by the conversion of these molecules into glucose and oxygen. This process is essential for plant growth and development, and ultimately supports life on Earth.""
}"
Describe the water cycle and its main stages,"{
  ""plan"": {
    ""overview"": ""The water cycle, also known as the hydrologic cycle, is the continuous process by which water is circulated between the Earth and the atmosphere. It is a vital process that sustains life on our planet."",
    ""rationale"": ""Understanding the water cycle is essential for managing water resources, predicting weather patterns, and mitigating the impacts of climate change.""
  },
  ""steps"": [
    {
      ""title"": ""Evaporation"",
      ""detail"": ""The first stage of the water cycle is evaporation, where water from the oceans, lakes, rivers, and the ground surface is heated by the sun and turns into water vapor. This process occurs when the temperature and humidity are high enough to allow water molecules to escape into the air.""
    },
    {
      ""title"": ""Condensation"",
      ""detail"": ""As water vapor rises into the air, it cools down and condenses into tiny droplets, forming clouds. This process is facilitated by the cooling effect of the atmosphere and the presence of condensation nuclei, such as dust particles or salt crystals.""
    },
    {
      ""title"": ""Precipitation"",
      ""detail"": ""When the clouds become saturated with water, the water droplets combine to form larger droplets, which eventually become too heavy to remain suspended in the air. This is when precipitation occurs, in the form of rain, snow, sleet, or hail.""
    },
    {
      ""title"": ""Runoff"",
      ""detail"": ""Once the precipitation reaches the ground, it flows over the surface as runoff or seeps into the soil as infiltration. Runoff can collect in low-lying areas and flow into streams, rivers, and lakes, eventually returning to the oceans.""
    },
    {
      ""title"": ""Infiltration and Percolation"",
      ""detail"": ""Some of the precipitation seeps into the soil and becomes groundwater, which can move downward through the soil layers and eventually feed into aquifers or surface water bodies. This process is known as infiltration and percolation.""
    }
  ],
  ""summary"": ""The water cycle is a continuous process that involves the movement of water between the Earth and the atmosphere. It is a vital process that sustains life on our planet and is essential for managing water resources and predicting weather patterns.""
}"
Explain the basic rules of English grammar for beginners,"{
""plan"": {
""overview"": ""In this response, we will cover the basic rules of English grammar for beginners, providing a comprehensive overview of the fundamental principles that govern the structure and syntax of the English language."",
""rationale"": ""Understanding the basic rules of English grammar is essential for effective communication in English, as it provides a foundation for constructing coherent and meaningful sentences.""
},
""steps"": [
{
""title"": ""Step 1: Understanding the Parts of Speech"",
""detail"": ""The first step in learning English grammar is to understand the different parts of speech, which include nouns, verbs, adjectives, adverbs, pronouns, prepositions, and conjunctions. Each part of speech has its own unique function and characteristics, and mastering them is crucial for constructing grammatically correct sentences.""
},
{
""title"": ""Step 2: Identifying and Using Nouns"",
""detail"": ""Nouns are words that refer to people, places, things, and ideas. There are several types of nouns, including proper nouns (names of specific people, places, or things), common nouns (general terms for people, places, or things), and collective nouns (groups of people, places, or things). Understanding how to identify and use nouns correctly is essential for constructing sentences that make sense.""
},
{
""title"": ""Step 3: Understanding Verb Tenses"",
""detail"": ""Verbs are words that express actions, events, or states of being. English has several verb tenses, including the present tense, past tense, and future tense, each of which is used to describe different time periods. Mastering the different verb tenses is crucial for expressing oneself accurately and effectively in English.""
},
{
""title"": ""Step 4: Using Adjectives and Adverbs"",
""detail"": ""Adjectives are words that modify or describe nouns, while adverbs are words that modify or describe verbs, adjectives, or other adverbs. Understanding how to use adjectives and adverbs correctly is essential for adding depth and nuance to one's writing and speaking.""
},
{
""title"": ""Step 5: Practicing Sentence Structure"",
""detail"": ""The final step in learning English grammar is to practice constructing sentences using the rules and principles outlined above. This involves combining words and phrases to create coherent and meaningful sentences, and experimenting with different sentence structures to convey different ideas and emotions.""
}
],
""summary"": ""In conclusion, learning the basic rules of English grammar for beginners requires a comprehensive understanding of the parts of speech, nouns, verb tenses, adjectives and adverbs, and sentence structure. By following the steps outlined above and practicing regularly, learners can develop a strong foundation in English grammar and improve their ability to communicate effectively in the language."" }"
Describe the process of evolution by natural selection,"{
  ""plan"": {
    ""overview"": ""In this response, we will outline the process of evolution by natural selection, a fundamental concept in biology. We will explore the key steps involved in this process and provide a detailed rationale for its significance."",
    ""rationale"": ""Understanding evolution by natural selection is crucial for grasping the diversity of life on Earth and the adaptations that have enabled species to thrive in various environments.""
  },
  ""steps"": [
    {
      ""title"": ""Step 1: Variation in Population"",
      ""detail"": ""All species exhibit genetic variation within their populations. This variation can arise from mutations, genetic recombination during reproduction, or gene flow from other populations.""
    },
    {
      ""title"": ""Step 2: Heritability of Traits"",
      ""detail"": ""The variation in traits exhibited by individuals within a population is heritable, meaning it is passed down from parents to offspring through the transmission of genes.""
    },
    {
      ""title"": ""Step 3: Environmental Pressure"",
      ""detail"": ""The environment poses challenges and selects for certain traits that are better suited to the conditions. This pressure can be in the form of predation, competition for resources, or other environmental factors.""
    },
    {
      ""title"": ""Step 4: Differential Survival and Reproduction"",
      ""detail"": ""Individuals with traits that are better adapted to the environment are more likely to survive and reproduce, passing their advantageous traits to their offspring. Conversely, individuals with less adapted traits may struggle to survive and reproduce, reducing their representation in the population.""
    },
    {
      ""title"": ""Step 5: Accumulation of Adaptations"",
      ""detail"": ""Over time, the process of natural selection leads to the accumulation of adaptations in the population. As the population adapts to its environment, the average fitness of the population increases, enabling it to better cope with the challenges it faces.""
    }
  ],
  ""summary"": ""In conclusion, evolution by natural selection is a powerful mechanism that drives the adaptation of species to their environments. By understanding the steps involved in this process, we can appreciate the incredible diversity of life on Earth and the remarkable adaptations that have enabled species to thrive in a wide range of ecosystems.""
}"
Explain how electricity flows through a simple circuit,"{
  ""plan"": {
    ""overview"": ""In this explanation, we will explore the flow of electricity through a simple circuit. We will examine the components involved, the direction of flow, and the principles that govern this process."",
    ""rationale"": ""Understanding how electricity flows through a circuit is essential for designing and building electrical systems. This knowledge will provide a solid foundation for further exploration of electrical concepts.""
  },
  ""steps"": [
    {
      ""title"": ""Step 1: Identify the Components"",
      ""detail"": ""A simple circuit typically consists of a power source, such as a battery, a conductor, like a wire, and a load, like a light bulb. The power source provides the energy, the conductor allows the energy to flow, and the load uses the energy to perform a specific task.""
    },
    {
      ""title"": ""Step 2: Understand the Direction of Flow"",
      ""detail"": ""Electricity flows from the positive terminal of the power source, through the conductor, and back to the negative terminal. This is known as the 'loop' or 'circuit.' The direction of flow is governed by the principle of conservation of charge, which states that electric charge cannot be created or destroyed, only moved from one location to another.""
    },
    {
      ""title"": ""Step 3: Recognize the Role of Voltage"",
      ""detail"": ""Voltage, measured in volts (V), is the 'pressure' that drives electricity through the circuit. It is the potential difference between two points in the circuit. The voltage source, such as a battery, provides the necessary voltage to push the electricity through the circuit.""
    },
    {
      ""title"": ""Step 4: Appreciate the Importance of Resistance"",
      ""detail"": ""Resistance, measured in ohms (Ω), is the opposition to the flow of electricity. It is caused by the interaction between the conductor and the load. The more resistance in the circuit, the less electricity will flow. This is why it's essential to use conductors with low resistance, such as copper wire, to minimize energy loss.""
    },
    {
      ""title"": ""Step 5: Summarize the Process"",
      ""detail"": ""In summary, electricity flows through a simple circuit by moving from the positive terminal of the power source, through the conductor, and back to the negative terminal. The direction of flow is governed by the principle of conservation of charge, and the flow is driven by the voltage provided by the power source. Resistance in the circuit can reduce the flow of electricity, but using conductors with low resistance can minimize energy loss.""
    }
  ],
  ""summary"": ""Understanding how electricity flows through a simple circuit is crucial for designing and building electrical systems. By recognizing the components involved, the direction of flow, the role of voltage, the importance of resistance, and summarizing the process, you will have a solid foundation for further exploration of electrical concepts.""
}"
Explain how to set up a basic Python development environment,"{
  ""plan"": {
    ""overview"": ""Setting up a basic Python development environment involves installing the necessary tools and software to write, run, and debug Python code. This plan will guide you through the process of setting up a basic Python development environment on your local machine."",
    ""rationale"": ""Having a solid Python development environment is essential for writing and testing Python code. This plan will help you get started with the basics, allowing you to focus on learning Python and building projects.""
  },
  ""steps"": [
    {
      ""title"": ""Install Python"",
      ""detail"": ""Download and install the latest version of Python from the official Python website. Make sure to install the correct version for your operating system (Windows, macOS, or Linux).""
    },
    {
      ""title"": ""Install a Text Editor or IDE"",
      ""detail"": ""Choose a text editor or Integrated Development Environment (IDE) to write and edit your Python code. Popular options include Visual Studio Code, PyCharm, and Sublime Text. Install the editor or IDE and familiarize yourself with its features and shortcuts.""
    },
    {
      ""title"": ""Install pip"",
      ""detail"": ""pip is the package installer for Python. Install pip by downloading and running the installation script from the official Python website. Alternatively, you can install pip using your operating system's package manager (e.g., Homebrew on macOS or apt-get on Linux).""
    },
    {
      ""title"": ""Install a Virtual Environment"",
      ""detail"": ""A virtual environment is a self-contained Python environment that allows you to isolate your project's dependencies and avoid conflicts with other projects. Install a virtual environment tool like virtualenv or conda and create a new virtual environment for your project.""
    },
    {
      ""title"": ""Test Your Environment"",
      ""detail"": ""Write a simple Python script to test your environment. Create a new file with a `.py` extension, write some Python code, and run it using the `python` command. Verify that your code runs correctly and that you can import modules and libraries.""
    }
  ],
  ""summary"": ""By following these steps, you will have a basic Python development environment set up and ready to use. You will be able to write, run, and debug Python code, and start building your own projects. Remember to keep your environment up to date by installing the latest versions of Python, pip, and your chosen text editor or IDE.""
}"
Describe how to create a simple web page with HTML and CSS,"{
""plan"": {
""overview"": ""Creating a simple web page involves writing HTML and CSS code to define the structure and style of the page. This plan will guide you through the process of creating a basic web page with a heading, paragraph, and a link."",
""rationale"": ""Understanding the basics of HTML and CSS is essential for building a web page. This plan will help you understand the fundamental concepts and create a simple web page that can be used as a starting point for further development.""
},
""steps"": [
{
""title"": ""Step 1: Create a new HTML file"",
""detail"": ""Open a text editor or IDE and create a new file with a .html extension. This file will contain the HTML code for your web page.""
},
{
""title"": ""Step 2: Define the HTML structure"",
""detail"": ""In the HTML file, define the structure of your web page using HTML elements such as <html>, <head>, and <body>. The <html> element is the root element of the document, the <head> element contains metadata about the document, and the <body> element contains the content of the document.""
},
{
""title"": ""Step 3: Add content to the HTML file"",
""detail"": ""Add content to the HTML file using HTML elements such as <h1>, <p>, and <a>. The <h1> element is used to define a heading, the <p> element is used to define a paragraph, and the <a> element is used to define a link.""
},
{
""title"": ""Step 4: Create a CSS file"",
""detail"": ""Create a new file with a .css extension and add CSS code to style your web page. CSS code is used to define the layout, colors, and fonts of your web page.""
},
{
""title"": ""Step 5: Link the CSS file to the HTML file"",
""detail"": ""Link the CSS file to the HTML file by adding a <link> element in the <head> section of the HTML file. This will allow the CSS code to be applied to the HTML elements.""
}
],
""summary"": ""By following these steps, you can create a simple web page with HTML and CSS. This web page will have a heading, paragraph, and a link, and will be styled using CSS. You can use this as a starting point for further development and add more features and functionality to your web page.""
}"
Explain the difference between a list and a tuple in Python,"{
  ""plan"": {
    ""overview"": ""In this response, we will explore the difference between lists and tuples in Python, a fundamental concept in programming."",
    ""rationale"": ""Understanding the distinction between these two data structures is crucial for effective coding and debugging.""
  },
  ""steps"": [
    {
      ""title"": ""What is a List?"",
      ""detail"": ""A list in Python is a collection of items that can be of any data type, including strings, integers, floats, and other lists. Lists are defined using square brackets `[]` and are mutable, meaning they can be modified after creation.""
    },
    {
      ""title"": ""What is a Tuple?"",
      ""detail"": ""A tuple in Python is also a collection of items, but it is immutable, meaning its contents cannot be changed after creation. Tuples are defined using parentheses `()` and are often used when a collection of items needs to be stored, but its contents should not be modified.""
    },
    {
      ""title"": ""Key Differences"",
      ""detail"": ""The main differences between lists and tuples are their mutability and syntax. Lists are mutable and use square brackets, while tuples are immutable and use parentheses. This difference in mutability can have significant implications for code behavior and debugging.""
    },
    {
      ""title"": ""When to Use Each"",
      ""detail"": ""Lists are typically used when you need to modify a collection of items, such as when processing user input or updating data. Tuples are often used when you need to store a collection of items that should not be modified, such as when defining a constant or storing data that should not be changed.""
    },
    {
      ""title"": ""Conclusion"",
      ""detail"": ""In conclusion, understanding the difference between lists and tuples is essential for effective Python programming. By choosing the right data structure for your needs, you can write more efficient, readable, and maintainable code.""
    }
  ],
  ""summary"": ""In this response, we have explored the key differences between lists and tuples in Python, including their mutability, syntax, and use cases. By understanding these differences, you can make informed decisions about which data structure to use in your code.""
}"
Describe how version control works in Git,"{
  ""plan"": {
    ""overview"": ""In this response, we will provide a detailed explanation of how version control works in Git, a popular version control system used by developers worldwide."",
    ""rationale"": ""Understanding how Git works is essential for developers to manage their codebase effectively, collaborate with others, and maintain a record of changes made to their code.""
  },
  ""steps"": [
    {
      ""title"": ""Step 1: Initializing a Git Repository"",
      ""detail"": ""To start using Git, you need to initialize a Git repository in your project directory. This can be done by running the command `git init` in your terminal. This command creates a new directory called `.git` in your project directory, which contains all the necessary files to track changes to your code.""
    },
    {
      ""title"": ""Step 2: Staging Changes"",
      ""detail"": ""Once you have initialized a Git repository, you can start making changes to your code. To track these changes, you need to stage them using the command `git add <file_name>` or `git add .` to stage all changes. This adds the changes to a staging area, where you can review and commit them later.""
    },
    {
      ""title"": ""Step 3: Committing Changes"",
      ""detail"": ""After staging your changes, you can commit them using the command `git commit -m ""			    	  																																																																																																																																																																																																																																																																																																																																																																																																																																																																																																																																																																																																																																																																																																																																																																																																																																																																																																																																																																																																																																																																																																																																																																																																																																																																																																																																																																																																																																																																																																																																																																																																																																																																																																																																																																																																																																																																																																																																																																																																																																																																																																																																																																																																																																																																																																																																																																																																																																																																																																																																																																																																																																																																																																																																																																																																																																																																																																																																																																																																																																																																																																																																																																																																																																																																																																																																																																																																																																																																																																																																																																																																																																																																																																																																																																																																																																																																																																																																																																																																																																																																																																																																																																																																																																																																																																																																																																																																																																																																																																																																																																																																																																																																																																																																																																																																																																																																																																																																																																																																																																																																																																																																																																																																																																																																																																																																																																																																																																																																																																																																																																																																																																																																																																																																																																																																																																																																																																																																																																																																																																																																																																																																																																																																																																																																																																																																																																																																																																																																																																																																																																																																																																																																																																																																																																																																																																																																																																																																																																																																																																																																																																																																																																																																																																																																																																																																																																																																																																																																																																																																																																																																																																																																																																																																																																																																																																																																																																																																																																																																																																																																																																																																																																																																																																																																																																																																																																																																																																																																																																																																																																																																																																																																																																																																																																																																																																																																																																																																																																																																																																																																																																																																																																																																																																																																																																																																																																																																																																																																																																																																																																																																																																																																																																																																																																																																																																																																																																																																																																																																																																																																																																																																																																																																																																																																																																																																																																																																																																																																																																																																																																																																																																																																																																																																																																																																																																																																																																																																																																																																																																																																																																																																																																																																																																																																																																																																																																																																																																																																																																																																																																																																																																																																																																																																																																																																																																																																																																																																																																																																																																																																																																																																																																"
Explain the basics of how an operating system schedules processes,"{
  ""plan"": {
    ""overview"": ""In this response, we will explore the fundamental concepts of process scheduling in operating systems. We will delve into the basics of how an operating system schedules processes, including the different scheduling algorithms and strategies used to manage system resources."",
    ""rationale"": ""Understanding process scheduling is crucial for ensuring efficient and effective use of system resources, as well as maintaining system stability and responsiveness.""
  },
  ""steps"": [
    {
      ""title"": ""Step 1: Introduction to Process Scheduling"",
      ""detail"": ""Process scheduling is the process by which an operating system allocates system resources, such as CPU time and memory, to running processes. The goal of process scheduling is to ensure that each process receives a fair share of system resources, while also minimizing delays and maximizing system throughput.""
    },
    {
      ""title"": ""Step 2: Scheduling Algorithms"",
      ""detail"": ""There are several scheduling algorithms used in operating systems, including First-Come-First-Served (FCFS), Shortest Job First (SJF), Priority Scheduling, and Round Robin (RR). Each algorithm has its own strengths and weaknesses, and is suited to different types of systems and workloads.""
    },
    {
      ""title"": ""Step 3: CPU Scheduling"",
      ""detail"": ""CPU scheduling is the process of allocating CPU time to running processes. The operating system uses a scheduling algorithm to determine which process should be executed next, and for how long. CPU scheduling is a critical component of process scheduling, as it determines how efficiently the system uses its CPU resources.""
    },
    {
      ""title"": ""Step 4: Memory Scheduling"",
      ""detail"": ""Memory scheduling is the process of allocating memory to running processes. The operating system uses a memory management unit (MMU) to manage memory allocation and deallocation. Memory scheduling is critical for ensuring that each process has sufficient memory to run efficiently, while also minimizing memory fragmentation and waste.""
    },
    {
      ""title"": ""Step 5: I/O Scheduling"",
      ""detail"": ""I/O scheduling is the process of allocating I/O devices, such as hard drives and network interfaces, to running processes. The operating system uses a scheduling algorithm to determine which process should be allowed to access I/O devices, and for how long. I/O scheduling is critical for ensuring that each process receives a fair share of I/O resources, while also minimizing delays and maximizing system throughput.""
    }
  ],
  ""summary"": ""In conclusion, process scheduling is a critical component of operating system design, as it determines how efficiently the system uses its resources. By understanding the basics of process scheduling, including the different scheduling algorithms and strategies used to manage system resources, developers can design more efficient and effective operating systems that meet the needs of modern computing applications.""
}"
Write a short bedtime story about a friendly dragon,"{
  ""plan"": {
    ""overview"": ""A soothing bedtime story about a friendly dragon to help children wind down and drift off to sleep."",
    ""rationale"": ""The story is designed to be calming and gentle, with a focus on the dragon's friendly nature and the peaceful setting of the story.""
  },
  ""steps"": [
    {
      ""title"": ""Once upon a time, in a land far, far away..."",
      ""detail"": ""In a world where dragons and humans lived together in harmony, there was a friendly dragon named Ember. Ember loved nothing more than to spend her days basking in the warm sun and watching the clouds roll by.""
    },
    {
      ""title"": ""Ember's home was a cozy cave"",
      ""detail"": ""Deep in the heart of a lush forest, Ember made her home in a cozy cave surrounded by towering trees and a babbling brook. The cave was filled with soft, fluffy moss and the sweet scent of wildflowers.""
    },
    {
      ""title"": ""One day, a curious child wandered into the forest"",
      ""detail"": ""A little boy named Timmy had wandered away from his family's campsite, fascinated by the sounds of the forest. As he explored, he stumbled upon Ember's cave and peeked inside, where he was greeted by the friendly dragon's warm smile.""
    },
    {
      ""title"": ""Ember and Timmy became fast friends"",
      ""detail"": ""Ember and Timmy spent the rest of the day together, playing hide-and-seek among the trees and chasing after butterflies. As the sun began to set, Ember invited Timmy to stay for dinner, and they feasted on delicious berries and honey.""
    },
    {
      ""title"": ""As the night fell, Ember sang a lullaby"",
      ""detail"": ""As the stars twinkled overhead, Ember began to sing a soft, gentle song. Her voice was like a warm breeze on a summer day, and Timmy felt his eyelids growing heavy. With a final snuggle, Ember tucked Timmy into a cozy bed of moss and whispered 'goodnight, dear one'.""
    }
  ],
  ""summary"": ""And so, with a heart full of joy and a belly full of berries, Timmy drifted off to sleep, lulled by the soothing sounds of Ember's lullaby. The friendly dragon smiled, knowing that she had made a new friend and that their adventures would continue another day.""
}"
Describe a peaceful morning at a countryside farm,"{
  ""plan"": {
    ""overview"": ""A serene and idyllic morning at a countryside farm, where the sounds of nature and the gentle rhythms of farm life come together to create a sense of tranquility and peace."",
    ""rationale"": ""This peaceful morning is a chance to slow down, connect with nature, and appreciate the simple joys of rural life.""
  },
  ""steps"": [
    {
      ""title"": ""Wake up to the sounds of nature"",
      ""detail"": ""Start the day by waking up to the gentle chirping of birds, the rustling of leaves, and the distant lowing of cows. Take a moment to breathe in the fresh country air and feel the stress of the day melt away.""
    },
    {
      ""title"": ""Take a stroll around the farm"",
      ""detail"": ""Put on your comfiest shoes and take a leisurely walk around the farm, taking in the sights and sounds of the countryside. Watch the sun rise over the fields, and see the dew-kissed grass sparkling in the morning light.""
    },
    {
      ""title"": ""Help with the morning chores"",
      ""detail"": ""Join the farmhands in their morning routine, helping to feed the animals, collect eggs from the chicken coop, and tend to the gardens. This is a great way to get some exercise and feel a sense of accomplishment as you contribute to the farm's daily operations.""
    },
    {
      ""title"": ""Enjoy a hearty farm breakfast"",
      ""detail"": ""Head back to the farmhouse for a warm and comforting breakfast, featuring fresh eggs, homemade bread, and a steaming cup of coffee. Take your time, and savor the flavors and aromas of the meal.""
    },
    {
      ""title"": ""Take a moment to relax and unwind"",
      ""detail"": ""After breakfast, find a comfortable spot outside – perhaps a hammock or a bench overlooking the fields – and take a few moments to relax and unwind. Listen to the sounds of nature, feel the sun on your skin, and let your worries drift away.""
    }
  ],
  ""summary"": ""A peaceful morning at a countryside farm is a chance to slow down, connect with nature, and appreciate the simple joys of rural life. By following these steps, you can create a serene and idyllic experience that will leave you feeling refreshed, renewed, and ready to take on the day."" }"
Write a poem about autumn leaves falling,"{
  ""plan"": {
    ""overview"": ""A poetic exploration of the beauty and fleeting nature of autumn leaves"",
    ""rationale"": ""To capture the essence of the season's iconic symbol, the falling leaf, and convey its emotional resonance""
  },
  ""steps"": [
    {
      ""title"": ""Setting the Scene"",
      ""detail"": ""Establish a vivid image of the autumn landscape, with leaves rustling in the gentle breeze, and the warm sunlight casting a golden glow""
    },
    {
      ""title"": ""Describing the Leaves"",
      ""detail"": ""Use sensory language to bring the leaves to life, highlighting their vibrant colors, delicate shapes, and the way they crinkle and curl as they fall""
    },
    {
      ""title"": ""Capturing the Movement"",
      ""detail"": ""Convey the sense of movement and fluidity as the leaves drift lazily to the ground, using words like 'whisper', 'flutter', and 'dance' to evoke a sense of gentle motion""
    },
    {
      ""title"": ""Exploring the Emotional Resonance"",
      ""detail"": ""Delve into the emotional significance of the falling leaves, exploring themes of impermanence, change, and the passing of time, and how these themes resonate with human experience""
    },
    {
      ""title"": ""Concluding the Poem"",
      ""detail"": ""Bring the poem to a close by emphasizing the beauty and fleeting nature of the autumn leaves, and the way they remind us to appreciate the present moment""
    }
  ],
  ""summary"": ""With these steps, the poem will be a poignant and evocative exploration of the autumn leaves, capturing their beauty, movement, and emotional resonance, and inviting the reader to reflect on the passing of time and the importance of appreciating the present moment.""
}"
Describe a character who runs a small bookshop,"{
  ""plan"": {
    ""overview"": ""Meet Emily, the owner of a charming small bookshop in a quaint town. This plan outlines her daily routine, goals, and motivations."",
    ""rationale"": ""As a book lover, Emily wants to share her passion with the community and create a cozy haven for readers to discover new authors and genres.""
  },
  ""steps"": [
    {
      ""title"": ""Morning Routine"",
      ""detail"": ""Emily starts her day by opening the bookshop at 9:00 AM. She begins by restocking shelves, processing new book orders, and responding to customer inquiries.""
    },
    {
      ""title"": ""Customer Engagement"",
      ""detail"": ""Throughout the day, Emily interacts with customers, recommending books, hosting book clubs, and participating in author events. She takes the time to get to know regular customers and learns about their reading preferences.""
    },
    {
      ""title"": ""Inventory Management"",
      ""detail"": ""Emily is meticulous about maintaining a curated selection of books. She regularly reviews inventory, orders new titles, and removes slow-moving books to make room for fresh stock.""
    },
    {
      ""title"": ""Marketing and Promotion"",
      ""detail"": ""To attract new customers and keep regulars engaged, Emily creates social media content, sends out newsletters, and participates in local events, such as book festivals and author readings.""
    },
    {
      ""title"": ""Evening Routine"",
      ""detail"": ""At the end of the day, Emily closes the bookshop, updates her records, and prepares for the next day. She often stays late to work on marketing campaigns, respond to emails, or plan events.""
    }
  ],
  ""summary"": ""Emily's daily routine is a delicate balance of customer service, inventory management, marketing, and personal passion. By running her small bookshop, she fosters a sense of community and shares her love of reading with the town.""
}"
Write a short dialogue between two astronauts on the moon,"{
  ""plan"": {
    ""overview"": ""This dialogue is a fictional conversation between two astronauts on the moon, exploring their experiences and thoughts during their lunar mission."",
    ""rationale"": ""The goal of this dialogue is to provide a glimpse into the daily life of astronauts on the moon, highlighting their challenges, accomplishments, and personal reflections.""
  },
  ""steps"": [
    {
      ""title"": ""Arrival on the Moon"",
      ""detail"": ""Astronauts John and Sarah land on the moon's surface after a successful journey from Earth. They take a moment to appreciate the breathtaking view and begin to set up their base camp.""
    },
    {
      ""title"": ""Initial Exploration"",
      ""detail"": ""John and Sarah venture out of their base camp to explore the moon's surface. They collect samples, take readings, and marvel at the vast, barren landscape.""
    },
    {
      ""title"": ""Communication with Mission Control"",
      ""detail"": ""John and Sarah check in with Mission Control back on Earth to report their status and receive updates on their mission objectives. They also discuss any challenges they're facing and receive guidance on how to overcome them.""
    },
    {
      ""title"": ""Personal Reflections"",
      ""detail"": ""As the day winds down, John and Sarah take a moment to reflect on their experiences so far. They share stories, thoughts, and feelings about being on the moon and the significance of their mission.""
    },
    {
      ""title"": ""Nightfall on the Moon"",
      ""detail"": ""As the sun sets on the moon, John and Sarah settle in for the night. They gaze up at the Earth, feeling a sense of awe and wonder at the vastness of space and their place in it.""
    }
  ],
  ""summary"": ""This dialogue provides a glimpse into the daily life of astronauts on the moon, highlighting the challenges, accomplishments, and personal reflections of John and Sarah as they explore the lunar surface and conduct their mission.""
}"
Suggest a daily routine for improving focus and productivity,"{
  ""plan"": {
    ""overview"": ""Establishing a daily routine can help improve focus and productivity by providing structure and consistency. This plan is designed to help you prioritize your tasks, manage distractions, and maintain a sense of accomplishment throughout the day."",
    ""rationale"": ""By following this daily routine, you can improve your ability to concentrate, make better use of your time, and achieve your goals more efficiently.""
  },
  ""steps"": [
    {
      ""title"": ""Morning Routine"",
      ""detail"": ""Start your day by setting a clear intention and prioritizing your tasks. Take 10-15 minutes to meditate, journal, or simply enjoy a cup of coffee/tea in silence. This helps to clear your mind and set a positive tone for the day.""
    },
    {
      ""title"": ""Task Prioritization"",
      ""detail"": ""Take 10-15 minutes to review your tasks and prioritize them based on importance and urgency. Use the Eisenhower Matrix to categorize tasks into four quadrants: urgent & important, important but not urgent, urgent but not important, and not urgent or important. Focus on the most critical tasks first.""
    },
    {
      ""title"": ""Work in 90-Minute Increments"",
      ""detail"": ""Work in focused 90-minute increments, followed by a 10-15 minute break. This technique is known as the Pomodoro Technique. Use a timer to keep yourself on track and avoid distractions during this time.""
    },
    {
      ""title"": ""Break and Self-Care"",
      ""detail"": ""Use your breaks to recharge and refocus. Take a short walk, do some stretching, or practice deep breathing exercises. Avoid screens and electronic devices during this time to minimize distractions.""
    },
    {
      ""title"": ""Review and Reflection"",
      ""detail"": ""Take 10-15 minutes at the end of the day to review your progress and reflect on what you've accomplished. Identify what worked well and what didn't, and make adjustments for the next day.""
    }
  ],
  ""summary"": ""By following this daily routine, you can improve your focus and productivity by prioritizing your tasks, managing distractions, and maintaining a sense of accomplishment throughout the day. Remember to be flexible and adjust the routine as needed to fit your unique needs and schedule.""
}"
Describe tips for organizing a small home office,"{
  ""plan"": {
    ""overview"": ""Creating a small home office requires careful planning and organization to maximize productivity and minimize distractions. By following these tips, you can create a functional and comfortable workspace that meets your needs."",
    ""rationale"": ""A well-organized home office can help you stay focused, reduce stress, and increase your overall job satisfaction.""
  },
  ""steps"": [
    {
      ""title"": ""Purge and declutter"",
      ""detail"": ""Start by clearing out any unnecessary items from the space. Sort items into categories, such as 'keep', 'donate', and 'recycle', and get rid of anything that's no longer needed or useful. This will help you start with a clean slate and make it easier to organize your remaining items.""
    },
    {
      ""title"": ""Assign a home for each item"",
      ""detail"": ""Once you've decluttered, assign a designated spot for each item you're keeping. This could be a specific drawer, shelf, or bin. This will help keep your office organized and make it easier to find what you need when you need it.""
    },
    {
      ""title"": ""Use vertical space"",
      ""detail"": ""Make the most of your small space by using wall-mounted shelves, hooks, and storage units. This will help keep your floors and surfaces clear and create more space for working.""
    },
    {
      ""title"": ""Invest in multi-functional furniture"",
      ""detail"": ""Choose furniture that serves multiple purposes, such as a desk with built-in storage or a storage ottoman that doubles as a seat. This will help reduce clutter and make the most of your space.""
    },
    {
      ""title"": ""Create a 'launching pad'"",
      ""detail"": ""Designate a specific area, such as a tray or bin, as your 'launching pad' for daily tasks. This could be where you keep your to-do list, calendar, and other essential items. This will help you stay focused and ensure that you're always on top of your tasks.""
    }
  ],
  ""summary"": ""By following these tips, you can create a small home office that is functional, comfortable, and productive. Remember to purge and declutter, assign a home for each item, use vertical space, invest in multi-functional furniture, and create a 'launching pad' to help you stay organized and focused.""
}"
Explain how to create a weekly meal plan on a budget,"{
  ""plan"": {
    ""overview"": ""Creating a weekly meal plan on a budget requires some planning and organization, but it can be a great way to save money and eat healthy. By planning your meals in advance, you can avoid last-minute takeout or dining out, which can be expensive. You can also make sure you're using up all the ingredients you buy and reducing food waste."",
    ""rationale"": ""By creating a weekly meal plan on a budget, you can save money on food expenses, reduce food waste, and eat healthier. You can also reduce stress and save time by having a plan in place for the week.""
  },
  ""steps"": [
    {
      ""title"": ""Step 1: Plan Your Meals"",
      ""detail"": ""Start by planning out your meals for the week. Think about what you like to eat and what you have in your pantry and fridge. You can also look up recipes online or use a meal planning app to get inspiration. Make a list of the meals you want to make and the ingredients you'll need.""
    },
    {
      ""title"": ""Step 2: Make a Grocery List"",
      ""detail"": ""Once you have your meal plan, make a list of the ingredients you'll need to buy. Try to stick to what you already have at home and avoid buying too much of anything. You can also use a grocery list app to help you keep track of what you need to buy.""
    },
    {
      ""title"": ""Step 3: Shop Smart"",
      ""detail"": ""When you're at the grocery store, try to shop smart. Look for sales and discounts on the ingredients you need. Buy in bulk if you can, and avoid buying pre-packaged or processed foods. You can also use cashback apps or rewards programs to earn money back on your groceries.""
    },
    {
      ""title"": ""Step 4: Cook and Prep"",
      ""detail"": ""Once you have your groceries, start cooking and prepping your meals. Try to cook in bulk and use leftovers to reduce food waste. You can also prep ingredients like vegetables or grains in advance to make cooking easier.""
    },
    {
      ""title"": ""Step 5: Review and Adjust"",
      ""detail"": ""At the end of the week, review your meal plan and see how it went. Did you stick to your plan? Were there any meals you didn't like? Use this information to adjust your plan for the next week and make it even better.""
    }
  ],
  ""summary"": ""Creating a weekly meal plan on a budget requires some planning and organization, but it can be a great way to save money and eat healthy. By following these steps, you can make a plan that works for you and your budget, and enjoy the benefits of meal planning for weeks to come.""
}"
Suggest methods for building a consistent reading habit,"{
  ""plan"": {
    ""overview"": ""Building a consistent reading habit requires a combination of setting goals, creating a routine, and making reading a priority. By following these steps, you can develop a habit that brings joy and benefits to your life."",
    ""rationale"": ""Reading is an essential part of personal and professional development, and a consistent reading habit can improve your vocabulary, comprehension, and critical thinking skills. It can also help you relax and reduce stress.""
  },
  ""steps"": [
    {
      ""title"": ""Set a Goal"",
      ""detail"": ""Start by setting a specific and achievable goal for your reading habit. This could be to read a certain number of books per month, or to dedicate a specific amount of time each day to reading. Having a clear goal in mind will help you stay motivated and focused.""
    },
    {
      ""title"": ""Create a Schedule"",
      ""detail"": ""Choose a specific time and place to read each day, and stick to it. This could be first thing in the morning, during your lunch break, or before bed. Consistency is key to building a habit, so try to read at the same time every day.""
    },
    {
      ""title"": ""Find Your Favorite Genre"",
      ""detail"": ""Experiment with different genres and authors to find what you enjoy reading. This will make reading more enjoyable and increase your chances of sticking to your habit. You can also join a book club or ask friends for recommendations to discover new authors and genres.""
    },
    {
      ""title"": ""Make it Convenient"",
      ""detail"": ""Keep your reading materials easily accessible by keeping a book or e-reader with you at all times. You can also download reading apps or audiobooks to make it easy to fit reading into your busy schedule.""
    },
    {
      ""title"": ""Track Your Progress"",
      ""detail"": ""Keep track of your reading progress by logging the books you've read, the pages you've turned, or the time you've spent reading. This will help you stay motivated and see how far you've come.""
    }
  ],
  ""summary"": ""Building a consistent reading habit takes time and effort, but with the right approach, it can be a rewarding and enjoyable experience. By setting a goal, creating a schedule, finding your favorite genre, making it convenient, and tracking your progress, you can develop a habit that brings joy and benefits to your life.""
}"
Describe how to prepare for a job interview,"{
  ""plan"": {
    ""overview"": ""Preparing for a job interview requires a strategic approach to increase your chances of success. This plan outlines the key steps to help you prepare and make a positive impression."",
    ""rationale"": ""A well-prepared candidate is more likely to feel confident and articulate during the interview, which can lead to a more successful outcome.""
  },
  ""steps"": [
    {
      ""title"": ""Research the Company"",
      ""detail"": ""Start by researching the company's mission, values, products, and services. Review their website, social media, and recent news articles to gain a deeper understanding of their culture and goals. This will help you tailor your responses to the company's specific needs and show your enthusiasm for the role.""
    },
    {
      ""title"": ""Review the Job Description"",
      ""detail"": ""Carefully read and analyze the job description to identify the key skills and qualifications required for the position. Make a list of the essential duties and responsibilities and think about specific examples from your past experience that demonstrate your skills and accomplishments.""
    },
    {
      ""title"": ""Update Your Resume and Online Profiles"",
      ""detail"": ""Ensure your resume and online profiles (e.g., LinkedIn) are up-to-date and highlight your relevant skills and experience. Consider getting feedback from a career counselor or mentor to improve your resume and online presence.""
    },
    {
      ""title"": ""Prepare Your Questions"",
      ""detail"": ""Prepare a list of thoughtful questions to ask the interviewer about the company, role, and future prospects. Avoid asking questions that can be easily answered by doing research on the company's website or other public sources.""
    },
    {
      ""title"": ""Practice Your Responses"",
      ""detail"": ""Anticipate common interview questions and practice your responses. Use the STAR method ( Situation, Task, Action, Result) to structure your answers and provide specific examples from your experience. Consider recording yourself and asking a friend or family member to provide feedback on your responses.""
    }
  ],
  ""summary"": ""By following these steps, you'll be well-prepared to showcase your skills, experience, and enthusiasm for the role. Remember to stay calm, confident, and authentic during the interview, and don't hesitate to ask questions to demonstrate your interest in the position.""
}"
Explain how to start a small indoor herb garden,"{
  ""plan"": {
    ""overview"": ""Starting a small indoor herb garden is a great way to bring some greenery into your home and have fresh herbs on hand for cooking. With a few simple steps, you can create a thriving indoor herb garden that will provide you with a constant supply of fresh herbs."",
    ""rationale"": ""Indoor herb gardens are perfect for small spaces and can be customized to fit your specific needs and preferences. They also provide a great way to grow your own herbs year-round, regardless of the season or weather outside.""
  },
  ""steps"": [
    {
      ""title"": ""Choose the Right Herbs"",
      ""detail"": ""Select a variety of herbs that you use frequently in your cooking, such as basil, mint, cilantro, parsley, and rosemary. Consider the amount of light and care each herb requires, and choose herbs that are suitable for indoor growing.""
    },
    {
      ""title"": ""Prepare the Containers"",
      ""detail"": ""Choose small pots or containers that are at least 6-8 inches deep and have drainage holes in the bottom. Fill the containers with a good quality potting mix, and make sure the soil is moist but not waterlogged.""
    },
    {
      ""title"": ""Plant the Herbs"",
      ""detail"": ""Gently remove the herbs from their pots and plant them in the prepared containers. Plant them at the same depth as they were in their original pots, and water them well. Make sure the soil is moist but not waterlogged.""
    },
    {
      ""title"": ""Provide the Right Conditions"",
      ""detail"": ""Most herbs require bright, indirect light to grow well. Place the containers near a sunny window or under grow lights. Keep the soil consistently moist, but not waterlogged. Herbs also require good air circulation, so make sure there is enough space between the containers.""
    },
    {
      ""title"": ""Maintain the Garden"",
      ""detail"": ""Check the soil daily and water the herbs when the top inch of soil feels dry. Fertilize the herbs regularly with a balanced fertilizer. Prune the herbs regularly to encourage bushy growth and prevent them from becoming leggy.""
    }
  ],
  ""summary"": ""Starting a small indoor herb garden is a simple and rewarding process. By following these steps, you can create a thriving indoor herb garden that will provide you with a constant supply of fresh herbs for your cooking. With a little care and attention, your indoor herb garden will be a great addition to your home.""
}"
Describe the basic techniques of watercolor painting,"{
  ""plan"": {
    ""overview"": ""In this response, we will explore the basic techniques of watercolor painting, covering the fundamental principles and methods used to create beautiful and expressive artworks."",
    ""rationale"": ""Understanding the basic techniques of watercolor painting is essential for artists of all levels, as it provides a solid foundation for further exploration and development of the medium.""
  },
  ""steps"": [
    {
      ""title"": ""Preparation"",
      ""detail"": ""Before starting to paint, it's essential to prepare your watercolor surface. This includes stretching and priming the paper, choosing the right brushes, and selecting the correct watercolor paints. A well-prepared surface will ensure a smooth and even application of paint.""
    },
    {
      ""title"": ""Wet-on-Wet"",
      ""detail"": ""Wet-on-wet is a fundamental technique in watercolor painting, where wet paint is applied to wet paper. This creates a soft, blended effect and allows for subtle color shifts and transitions. To achieve this, start by wetting the paper with clean water, then apply the paint in gentle, sweeping strokes.""
    },
    {
      ""title"": ""Wet-on-Dry"",
      ""detail"": ""Wet-on-dry is the opposite of wet-on-wet, where wet paint is applied to dry paper. This technique is used to create crisp, sharp edges and defined shapes. To achieve this, apply the paint in small, controlled strokes, allowing each layer to dry before adding additional layers.""
    },
    {
      ""title"": ""Glazing"",
      ""detail"": ""Glazing involves applying multiple layers of transparent paint to achieve a deep, rich color. This technique is used to create subtle, nuanced shifts in color and value. To glaze, start with a light wash and gradually build up layers, allowing each layer to dry before adding the next.""
    },
    {
      ""title"": ""Drybrushing"",
      ""detail"": ""Drybrushing involves dragging a almost-dry brush across the paper to create textured, rough effects. This technique is used to add dimension and interest to a painting, and can be used to create a range of effects, from subtle texture to bold, expressive marks.""
    }
  ],
  ""summary"": ""By mastering these basic techniques, artists can create a wide range of effects and achieve a high level of control and expression in their watercolor paintings. With practice and experimentation, these techniques can be combined and refined to produce unique and beautiful artworks.""
}"
Explain how to care for a succulent plant,"{
  ""plan"": {
    ""overview"": ""Caring for a succulent plant is relatively easy and requires minimal maintenance. By following these steps, you can keep your succulent healthy and thriving."",
    ""rationale"": ""Succulents are adapted to survive in dry environments and can store water in their leaves, stems, or roots. As a result, they require less water and care than other types of plants.""
  },
  ""steps"": [
    {
      ""title"": ""Choose the Right Potting Mix"",
      ""detail"": ""Use a well-draining potting mix specifically designed for cacti and succulents. This will help prevent waterlogged soil and root rot.""
    },
    {
      ""title"": ""Water Sparingly"",
      ""detail"": ""Water your succulent sparingly, allowing the soil to dry out completely between waterings. Overwatering is the most common cause of death in succulents, so it's better to err on the side of caution.""
    },
    {
      ""title"": ""Provide Bright, Indirect Light"",
      ""detail"": ""Succulents need bright, indirect light to photosynthesize and grow. Placing them near a sunny window or using grow lights can provide the necessary light.""
    },
    {
      ""title"": ""Maintain a Consistent Temperature"",
      ""detail"": ""Most succulents prefer daytime temperatures between 65-75°F (18-24°C) and nighttime temperatures around 55-65°F (13-18°C). Avoid placing them near heating or cooling vents.""
    },
    {
      ""title"": ""Fertilize Infrequently"",
      ""detail"": ""Feed your succulent with a balanced, water-soluble fertilizer during the growing season (spring and summer). Dilute the fertilizer to half the recommended strength to avoid burning the roots.""
    }
  ],
  ""summary"": ""By following these simple steps, you can keep your succulent plant happy and healthy. Remember to water sparingly, provide bright light, maintain a consistent temperature, and fertilize infrequently. With proper care, your succulent can thrive and bring beauty to your home or office.""
}"
Describe how to start learning the guitar as a beginner,"{
  ""plan"": {
    ""overview"": ""Starting to learn the guitar as a beginner can be an exciting and rewarding experience. With a clear plan and dedication, you can quickly progress from a complete novice to a skilled player."",
    ""rationale"": ""Learning the guitar requires a combination of technical skill, musical understanding, and practice. By following a structured approach, you can build a strong foundation and avoid common pitfalls that can hinder progress.""
  },
  ""steps"": [
    {
      ""title"": ""Get Familiar with the Guitar"",
      ""detail"": ""Before you start playing, take some time to get familiar with the guitar's parts, such as the headstock, fretboard, strings, and body. Learn the correct posture and hand positioning to hold the guitar comfortably.""
    },
    {
      ""title"": ""Tune Your Guitar"",
      ""detail"": ""Tuning is essential for playing in tune and developing good playing habits. Start with standard tuning (EADGBE) and use a tuner or online resources to help you get accurate. Practice tuning regularly to develop your ear.""
    },
    {
      ""title"": ""Learn Basic Chords"",
      ""detail"": ""Start with simple chords like A, C, D, E, and G. Practice changing between chords smoothly and in time with a metronome. Focus on finger placement, finger independence, and gentle pressure.""
    },
    {
      ""title"": ""Practice Strumming and Picking"",
      ""detail"": ""Develop a consistent strumming or picking pattern using your dominant hand. Experiment with different rhythms and techniques, such as downstrokes, upstrokes, and combination patterns.""
    },
    {
      ""title"": ""Start with Simple Songs"",
      ""detail"": ""Choose songs that use the chords you've learned and start playing along. Start with simple songs and gradually move on to more complex ones. Focus on playing cleanly, in time, and with good tone.""
    }
  ],
  ""summary"": ""Remember to be patient, persistent, and kind to yourself as you start your guitar-learning journey. With consistent practice and a structured approach, you'll be playing your favorite songs in no time.""
}"
Explain the basic rules and moves of chess,"{
""plan"": {
""overview"": ""Chess is a two-player strategy board game where the objective is to checkmate the opponent's king. The game starts with the setup of the board, followed by players taking turns moving pieces to capture the opponent's king."",
""rationale"": ""Understanding the basic rules and moves of chess is essential to playing the game effectively.""
},
""steps"": [
{
""title"": ""Setup"",
""detail"": ""The game starts with the setup of the board, where each player has 16 pieces: one king, one queen, two rooks, two knights, two bishops, and eight pawns. The pieces are placed on specific squares, with the king in the center.""
},
{
""title"": ""Movement"",
""detail"": ""Each piece has its own unique way of moving around the board. The king can move one square in any direction (horizontally, vertically, or diagonally). The queen is the most powerful piece, able to move any number of squares in any direction. The rooks can move horizontally or vertically any number of squares. The knights move in an L-shape (two squares in one direction, then one square to the side). The bishops can move diagonally any number of squares. The pawns can move forward one square, but capture diagonally one square.""
},
{
""title"": ""Capturing"",
""detail"": ""A piece can capture an opponent's piece by landing on the square occupied by that piece. The king can only be captured by checkmate, where the king is under attack and there is no way to move the king out of capture. The queen is the most powerful piece, able to capture any piece. The rooks can capture pieces by moving horizontally or vertically. The knights can capture pieces by moving in an L-shape. The bishops can capture pieces by moving diagonally. The pawns can capture pieces diagonally one square.""
},
{
""title"": ""Special Moves"",
""detail"": ""There are several special moves in chess: castling, en passant, and promotion. Castling allows the king to move three squares towards a rook, while the rook moves to the square the king crossed. En passant allows a pawn to capture an opponent's pawn as if it had moved two squares. Promotion occurs when a pawn reaches the opponent's end of the board and can be exchanged for any piece (except a king).""
},
{
""title"": ""Check and Checkmate"",
""detail"": ""Check occurs when a player's king is under attack and there is no way to move the king out of capture. Checkmate occurs when a player's king is under attack and there is no way to move the king out of capture, resulting in the loss of the game.""
}
],
""summary"": ""Understanding the basic rules and moves of chess is essential to playing the game effectively. The game starts with the setup of the board, followed by players taking turns moving pieces to capture the opponent's king. Each piece has its own unique way of moving around the board, and there are several special moves in chess. The objective is to checkmate the opponent's king, resulting in the loss of the game.""
}"
Describe how rainbows form after a storm,"{
""plan"": {
""overview"": ""Rainbows are breathtaking natural wonders that appear in the sky after a storm, formed by the refraction and dispersion of sunlight through water droplets in the air."",
""rationale"": ""This response will provide a detailed explanation of the process by which rainbows form, including the necessary conditions and the role of sunlight, water droplets, and atmospheric conditions.""
},
""steps"": [
{
""title"": ""Step 1: Stormy Weather"",
""detail"": ""Rainbows typically appear after a storm has passed, leaving behind a trail of water droplets in the air. These droplets can come from various sources, including clouds, mist, or even the spray from a waterfall.""
},
{
""title"": ""Step 2: Sunlight Enters the Atmosphere"",
""detail"": ""As the sun begins to shine through the water droplets, it encounters the tiny particles of water and begins to bend, or refract, its light. This bending causes the light to split into its individual colors, a process known as dispersion.""
},
{
""title"": ""Step 3: Refraction and Dispersion"",
""detail"": ""As the refracted and dispersed light passes through the water droplets, it is bent again, this time by the curved surface of the droplets. This bending causes the light to spread out and form a band of colors in the sky, which we see as a rainbow.""
},
{
""title"": ""Step 4: Angle of the Sun and Observer"",
""detail"": ""The angle at which the sun shines through the water droplets and the angle at which the observer views the rainbow are critical factors in determining the appearance of the rainbow. The sun must be behind the observer, and the observer must be at an angle of about 42 degrees relative to the direction of the sun.""
},
{
""title"": ""Step 5: The Rainbow Appears"",
""detail"": ""When all the conditions are met, the refracted and dispersed light is visible to the observer as a colorful arc in the sky, typically appearing as a semicircle with its center at the anti-solar point (the point directly opposite the sun).""
}
],
""summary"": ""Rainbows are a stunning display of natural beauty, formed by the combination of sunlight, water droplets, and atmospheric conditions. By understanding the necessary steps and conditions, we can appreciate the science behind this breathtaking phenomenon.""
}"
Explain why the sky appears blue during the day,"{
  ""plan"": {
    ""overview"": ""Understanding the color of the sky"",
    ""rationale"": ""Explaining the scattering of light by atmospheric gases""
  },
  ""steps"": [
    {
      ""title"": ""Atmospheric Scattering"",
      ""detail"": ""When sunlight enters Earth's atmosphere, it encounters tiny molecules of gases such as nitrogen (N2) and oxygen (O2). These molecules scatter the light in all directions, but they scatter shorter (blue) wavelengths more than longer (red) wavelengths.""
    },
    {
      ""title"": ""Rayleigh Scattering"",
      ""detail"": ""The scattering of light by these small molecules is known as Rayleigh scattering, named after the British physicist Lord Rayleigh. This phenomenon is responsible for the blue color of the sky during the day.""
    },
    {
      ""title"": ""Mie Scattering"",
      ""detail"": ""In addition to Rayleigh scattering, larger particles in the atmosphere such as dust, pollen, and water droplets also scatter light. This type of scattering, known as Mie scattering, is responsible for the orange and red hues during sunrise and sunset.""
    },
    {
      ""title"": ""Earth's Atmosphere"",
      ""detail"": ""The Earth's atmosphere is composed of different layers, with the troposphere being the lowest layer. The atmosphere is also filled with various gases, including nitrogen, oxygen, and trace amounts of other gases.""
    },
    {
      ""title"": ""Observations"",
      ""detail"": ""When we look at the sky during the day, we see the blue color due to the scattering of sunlight by the tiny molecules in the atmosphere. The color appears more intense near the horizon due to the longer distance the light has traveled through the atmosphere, which increases the amount of scattering that occurs.""
    }
  ],
  ""summary"": ""The sky appears blue during the day due to the scattering of sunlight by the tiny molecules in the Earth's atmosphere, primarily through Rayleigh scattering. This phenomenon is responsible for the blue color we see in the sky, with the color appearing more intense near the horizon due to the increased scattering that occurs over longer distances.""
}"
Describe the life cycle of a butterfly,"{
""plan"": {
""overview"": ""The life cycle of a butterfly is a complex and fascinating process that involves four distinct stages: egg, larva, pupa, and adult. This plan will guide you through each stage, highlighting the key events and transformations that occur."",
""rationale"": ""Understanding the life cycle of a butterfly is essential for appreciating the incredible journey that these creatures undertake from birth to maturity.""
},
""steps"": [
{
""title"": ""Stage 1: Egg"",
""detail"": ""Female butterflies lay their eggs on the leaves of plants that their caterpillars will feed on. The eggs hatch into larvae after a few days, and the caterpillars begin their growth.""
},
{
""title"": ""Stage 2: Larva (Caterpillar)"",
""detail"": ""The caterpillar eats and grows, shedding its skin several times as it outgrows it. During this stage, the caterpillar develops its body structure and organs. This stage can last from a few weeks to several months.""
},
{
""title"": ""Stage 3: Pupa (Chrysalis)"",
""detail"": ""When the caterpillar is fully grown, it attaches itself to a leaf or branch and forms a chrysalis. Inside the chrysalis, the caterpillar undergoes a dramatic transformation, as its body breaks down and reorganizes into the adult butterfly form. This stage usually lasts a few weeks to a few months.""
},
{
""title"": ""Stage 4: Adult"",
""detail"": ""The adult butterfly emerges from the chrysalis, its wings still soft and folded. It will pump blood into its wings to expand them and dry them out, after which it will be ready to fly and start the next generation. Adult butterflies feed on nectar and mate to continue the life cycle.""
},
{
""title"": ""Stage 5: Mating and Egg-Laying"",
""detail"": ""Adult butterflies mate, and the female lays eggs on a suitable plant. This completes the life cycle, as the eggs will hatch into new caterpillars and the process will begin again.""
}
],
""summary"": ""The life cycle of a butterfly is a remarkable journey that involves four distinct stages: egg, larva, pupa, and adult. From egg to adult, the butterfly undergoes a series of transformations, from tiny egg to majestic flying adult, and ultimately returns to its starting point to begin the cycle anew.""
}"
Explain how ocean tides are affected by the moon,"{
""plan"": {
""overview"": ""Understanding how ocean tides are affected by the moon is crucial for predicting coastal erosion, navigation, and even the study of marine life. This plan will provide a comprehensive explanation of the phenomenon."",
""rationale"": ""The moon's gravitational pull has a significant impact on the Earth's oceans, causing the water to bulge out in certain areas. This bulge is what we experience as ocean tides.""
},
""steps"": [
{
""title"": ""Step 1: The Moon's Gravitational Pull"",
""detail"": ""The moon's gravity pulls on the Earth's oceans, causing the water to bulge out in two areas: one on the side of the Earth facing the moon and the other on the opposite side of the Earth. This creates two high tides and two low tides each day.""
},
{
""title"": ""Step 2: The Earth's Rotation"",
""detail"": ""As the Earth rotates, different parts of the planet experience the moon's gravitational pull, resulting in the rise and fall of the sea level. This is why we see two high tides and two low tides each day, as the Earth rotates relative to the moon's position.""
},
{
""title"": ""Step 3: The Sun's Effect"",
""detail"": ""The sun also has a gravitational effect on the Earth's oceans, although it is much weaker than the moon's. However, when the sun and moon are aligned (at new moon or full moon), their gravitational pulls work together to create even higher high tides and lower low tides, known as spring tides. When the sun and moon are at right angles to each other (at quarter moon), their gravitational pulls cancel each other out, resulting in neap tides.""
},
{
""title"": ""Step 4: The Ocean's Response"",
""detail"": ""The ocean's response to the moon's gravitational pull is not immediate. It takes some time for the water to bulge out and then return to its normal level. This delay is known as the 'tidal lag.' The tidal lag is responsible for the gradual rise and fall of the sea level over the course of several hours.""
},
{
""title"": ""Step 5: The Impact on Coastal Erosion"",
""detail"": ""The regular rise and fall of the sea level caused by ocean tides has a significant impact on coastal erosion. The constant pounding of the waves against the shore can wear away the land, causing erosion and potentially leading to the loss of coastal habitats and infrastructure.""
}
],
""summary"": ""In conclusion, the moon's gravitational pull has a profound impact on the Earth's oceans, causing the water to bulge out in certain areas and resulting in the rise and fall of the sea level. The combination of the moon's pull and the Earth's rotation creates the tides we experience, while the sun's gravitational effect adds an extra layer of complexity. Understanding the intricacies of ocean tides is crucial for predicting coastal erosion, navigation, and even the study of marine life.""
}"
Describe the main layers of Earth's atmosphere,"{
  ""plan"": {
    ""overview"": ""Understanding the main layers of Earth's atmosphere is crucial for grasping the fundamental structure and functioning of our planet's environment."",
    ""rationale"": ""This knowledge is essential for appreciating the complex interactions between the atmosphere, oceans, and land, which ultimately impact our daily lives and the planet's climate.""
  },
  ""steps"": [
    {
      ""title"": ""Step 1: Introduction to the Atmosphere"",
      ""detail"": ""The Earth's atmosphere is a layer of gases that surrounds our planet, extending from the surface up to about 10,000 km (6,200 miles) into space. It is composed of different layers, each with unique characteristics and functions.""
    },
    {
      ""title"": ""Step 2: Troposphere"",
      ""detail"": ""The troposphere is the lowest layer of the atmosphere, extending from the surface up to about 12 km (7.5 miles) high. It is the layer where most weather phenomena occur, including clouds, precipitation, and wind patterns.""
    },
    {
      ""title"": ""Step 3: Stratosphere"",
      ""detail"": ""The stratosphere is the next layer, extending from the troposphere up to about 50 km (31 miles) high. It is characterized by a stable temperature profile, with the temperature increasing with altitude. This layer is also home to the ozone layer, which protects the Earth from harmful ultraviolet radiation.""
    },
    {
      ""title"": ""Step 4: Mesosphere"",
      ""detail"": ""The mesosphere is the layer above the stratosphere, extending from about 50 km to 85 km (53 miles) high. It is a region of rapid temperature decrease with altitude, and is home to many meteoroids that burn up in the atmosphere.""
    },
    {
      ""title"": ""Step 5: Thermosphere and Exosphere"",
      ""detail"": ""The thermosphere and exosphere are the highest layers of the atmosphere, extending from about 85 km to 10,000 km (6,200 miles) high. These layers are characterized by extreme temperatures, with the thermosphere being extremely hot and the exosphere being extremely cold. The exosphere is also the layer where atmospheric gases escape into space.""
    }
  ],
  ""summary"": ""In conclusion, the main layers of the Earth's atmosphere are the troposphere, stratosphere, mesosphere, thermosphere, and exosphere. Each layer has unique characteristics and functions, and understanding these layers is essential for appreciating the complex interactions within the Earth's environment.""
}"
Explain how to fold a fitted bed sheet neatly,"{
  ""plan"": {
    ""overview"": ""Folding a fitted bed sheet can be a bit tricky, but with this step-by-step guide, you'll be able to do it neatly and efficiently."",
    ""rationale"": ""Folding a fitted bed sheet helps to keep it wrinkle-free, prevents it from getting tangled or bunched up, and makes it easier to store in your linen closet.""
  },
  ""steps"": [
    {
      ""title"": ""Step 1: Hold the fitted sheet correctly"",
      ""detail"": ""Hold the fitted sheet with the corners facing upwards and the elastic edges facing towards you. This will make it easier to fold and prevent the sheet from slipping out of your hands.""
    },
    {
      ""title"": ""Step 2: Fold the top edge"",
      ""detail"": ""Fold the top edge of the sheet down towards the bottom edge, creating a straight line. This will help you to create a flat surface to work with.""
    },
    {
      ""title"": ""Step 3: Fold the sides"",
      ""detail"": ""Fold the left and right sides of the sheet towards the center, making sure the edges are aligned and the corners are squared. You should now have a compact, rectangular shape starting to form.""
    },
    {
      ""title"": ""Step 4: Fold the bottom edge"",
      ""detail"": ""Fold the bottom edge of the sheet up towards the top edge, making sure it is even with the other three edges. This will help to create a neat, rectangular shape.""
    },
    {
      ""title"": ""Step 5: Fold the sheet in half"",
      ""detail"": ""Fold the sheet in half along the center crease, making sure the edges are aligned and the corners are squared. You should now have a compact, rectangular shape that can be easily stored in your linen closet.""
    }
  ],
  ""summary"": ""By following these five simple steps, you'll be able to fold your fitted bed sheet neatly and efficiently. Remember to hold the sheet correctly, fold the edges in a straight line, and make sure the corners are squared. With a little practice, you'll be a pro at folding fitted bed sheets in no time!""
}"
Describe how to properly polish leather shoes,"{
  ""plan"": {
    ""overview"": ""Polishing leather shoes requires some effort and patience, but with the right techniques and materials, you can achieve a high-gloss finish that will make your shoes look like new. In this plan, we will guide you through the steps to properly polish your leather shoes."",
    ""rationale"": ""Polishing leather shoes not only enhances their appearance but also helps to protect the leather from wear and tear, cracking, and discoloration. Regular polishing can also extend the life of your shoes and make them easier to clean.""
  },
  ""steps"": [
    {
      ""title"": ""Gather necessary materials"",
      ""detail"": ""Before you start polishing, make sure you have the following materials: a soft, clean cloth, a leather polish or conditioner, a leather brush, and a clean, dry cloth for buffing.""
    },
    {
      ""title"": ""Remove dirt and debris"",
      ""detail"": ""Use a soft-bristled brush or a clean cloth to gently remove any dirt, dust, or debris from the surface of the shoes. This will ensure that the polish adheres evenly and prevents scratches.""
    },
    {
      ""title"": ""Apply a small amount of polish"",
      ""detail"": ""Using a clean cloth, apply a small amount of polish to a small, inconspicuous area of the shoe. Rub the polish in gently with a circular motion, making sure to cover the entire area evenly. Let it sit for a few minutes to allow the polish to absorb.""
    },
    {
      ""title"": ""Buff the polish"",
      ""detail"": ""Using a clean, dry cloth, gently buff the polished area in a circular motion. This will help to distribute the polish evenly and remove any excess polish. Repeat this process until the polish is fully absorbed and the surface is smooth.""
    },
    {
      ""title"": ""Apply additional coats and buff"",
      ""detail"": ""If the polish is not fully absorbed or the desired level of shine is not achieved, repeat the process of applying polish and buffing. Make sure to let each coat dry completely before applying the next one. Continue this process until the desired level of shine is achieved.""
    }
  ],
  ""summary"": ""By following these steps, you can properly polish your leather shoes and achieve a high-gloss finish that will make them look like new. Remember to use the right materials, work in small areas, and buff the polish thoroughly to achieve the best results.""
}"
Explain how to change a car tire safely,"{
  ""plan"": {
    ""overview"": ""Changing a car tire can seem like a daunting task, but with the right steps and precautions, it can be done safely and efficiently. This plan outlines the necessary steps to change a car tire, as well as the rationale behind each step."",
    ""rationale"": ""Changing a car tire requires attention to safety, as it involves working with heavy machinery and being in close proximity to moving traffic. By following this plan, you can minimize the risks associated with tire changing and ensure a successful outcome.""
  },
  ""steps"": [
    {
      ""title"": ""Find a Safe Location"",
      ""detail"": ""Move your vehicle to a flat, stable, and well-lit surface, away from traffic. Turn off the engine and engage the parking brake. Put the transmission in park (automatic) or first gear (manual).""
    },
    {
      ""title"": ""Gather Equipment"",
      ""detail"": ""Collect the following items: the spare tire, the lug wrench, and the car jack. Make sure the lug wrench is in good condition and the car jack is rated for your vehicle's weight.""
    },
    {
      ""title"": ""Loosen the Lug Nuts"",
      ""detail"": ""Before you jack up the vehicle, loosen the lug nuts on the flat tire with the lug wrench. Turn them counterclockwise until they are loose, but do not remove them yet.""
    },
    {
      ""title"": ""Jack Up the Vehicle"",
      ""detail"": ""Position the jack under the vehicle's frame and raise it until the flat tire is off the ground. Make sure the jack is stable and sturdy, and that the vehicle is secure.""
    },
    {
      ""title"": ""Remove the Lug Nuts and Flat Tire"",
      ""detail"": ""Now that the vehicle is raised, you can remove the lug nuts and flat tire. Turn the lug nuts counterclockwise and set them aside in a safe place. Carefully pull the flat tire straight off the wheel hub and set it aside.""
    }
  ],
  ""summary"": ""By following these steps, you can change a car tire safely and efficiently. Remember to always prioritize safety, and never get under the vehicle while it's raised on a jack. If you're not comfortable changing a tire, call for roadside assistance or seek help from a professional mechanic.""
}"
Describe how to hang a picture frame evenly on a wall,"{
  ""plan"": {
    ""overview"": ""Hanging a picture frame evenly on a wall requires some planning and attention to detail. This plan will guide you through the process step by step."",
    ""rationale"": ""A well-balanced and evenly hung picture frame can greatly enhance the aesthetic appeal of a room. By following this plan, you can achieve a professional-looking result.""
  },
  ""steps"": [
    {
      ""title"": ""Measure the Wall"",
      ""detail"": ""Start by measuring the width of the wall where you want to hang the picture frame. Make a note of the measurement to refer to later.""
    },
    {
      ""title"": ""Measure the Frame"",
      ""detail"": ""Measure the width of the picture frame to determine the center point. Make a note of this measurement as well.""
    },
    {
      ""title"": ""Mark the Wall"",
      ""detail"": ""Using a pencil, mark the center point of the wall where you want to hang the picture frame. This will serve as a guide for hanging the frame.""
    },
    {
      ""title"": ""Hang the Frame"",
      ""detail"": ""Hold the picture frame against the wall, aligning the center point of the frame with the mark you made earlier. Use a level to ensure the frame is straight and then hang it using a nail or screw.""
    },
    {
      ""title"": ""Adjust as Needed"",
      ""detail"": ""Step back and evaluate the hanging job. If necessary, adjust the frame slightly to ensure it is perfectly level and evenly spaced from the surrounding decor.""
    }
  ],
  ""summary"": ""By following these steps, you should be able to hang your picture frame evenly on the wall. Remember to take your time and double-check your measurements to ensure a professional-looking result.""
}"
Explain how to make a paper airplane that flies far,"{
  ""plan"": {
    ""overview"": ""Making a paper airplane that flies far requires a combination of design, folding, and technique. This plan will guide you through the process of creating a high-flying paper airplane."",
    ""rationale"": ""A well-designed paper airplane with the right balance of lift, drag, and thrust can achieve impressive distances. By following this plan, you'll learn how to create a plane that takes advantage of these aerodynamic principles.""
  },
  ""steps"": [
    {
      ""title"": ""Step 1: Choose the Right Paper"",
      ""detail"": ""Select a piece of paper that is lightweight, yet sturdy enough to hold its shape. A4 or letter-sized paper is ideal. Avoid using paper that is too thin or too thick, as it may not fly well.""
    },
    {
      ""title"": ""Step 2: Fold the Paper in Half"",
      ""detail"": ""Fold the paper in half lengthwise, creating a crease in the middle. This will help you create a straight edge and prevent the paper from tearing.""
    },
    {
      ""title"": ""Step 3: Create the Wing"",
      ""detail"": ""Open the paper back up and fold the top left and right corners down so that they meet the middle crease. The folds should be symmetrical and about 1-2 cm deep. This will create the wing of your plane.""
    },
    {
      ""title"": ""Step 4: Create the Tail"",
      ""detail"": ""Fold the bottom left and right corners up so that they meet the middle crease. The folds should be symmetrical and about 1-2 cm deep. This will create the tail of your plane.""
    },
    {
      ""title"": ""Step 5: Add the Nose"",
      ""detail"": ""Fold the top edge of the paper down to create the nose of the plane. The fold should be about 0.5-1 cm deep. This will help the plane cut through the air more efficiently.""
    }
  ],
  ""summary"": ""By following these steps, you should be able to create a paper airplane that flies far. Remember to be gentle when folding the paper, and make sure the wings and tail are even and symmetrical. With a little practice, you should be able to get your plane to fly distances of over 10 meters (33 feet)!""
}"
